  1001.41c    0.999167  2.5852E-08   06/07/25
Ace for 125 - check 1                                                    mat 125
      0         0.      0         0.      0         0.      0         0.
      0         0.      0         0.      0         0.      0         0.
      0         0.      0         0.      0         0.      0         0.
      0         0.      0         0.      0         0.      0         0.
    14082     1001      695        3        0        1        1        0
        0        1        1        0        0        0        0        0
        1        0     3476     3479     3482     3485     3488     5579
     5580    10819    10819    10819    11514    11515    11516    11526
    11527    11527    11528    12624        0    12625        0        0
        0        0        0        0        0    12626    12627    12628
   1.00000000000E-11   1.03125000000E-11   1.06250000000E-11   1.09375000000E-11
   1.12500000000E-11   1.15625000000E-11   1.18750000000E-11   1.21875000000E-11
   1.25000000000E-11   1.28125000000E-11   1.31250000000E-11   1.34375000000E-11
   1.37500000000E-11   1.43750000000E-11   1.50000000000E-11   1.56250000000E-11
   1.62500000000E-11   1.68750000000E-11   1.75000000000E-11   1.81250000000E-11
   1.87500000000E-11   1.93750000000E-11   2.00000000000E-11   2.09375000000E-11
   2.18750000000E-11   2.28125000000E-11   2.37500000000E-11   2.46875000000E-11
   2.56250000000E-11   2.65625000000E-11   2.75000000000E-11   2.84375000000E-11
   2.93750000000E-11   3.03125000000E-11   3.12500000000E-11   3.21875000000E-11
   3.31250000000E-11   3.40625000000E-11   3.50000000000E-11   3.59375000000E-11
   3.68750000000E-11   3.78125000000E-11   3.87500000000E-11   3.96875000000E-11
   4.06250000000E-11   4.25000000000E-11   4.43750000000E-11   4.62500000000E-11
   4.81250000000E-11   5.00000000000E-11   5.15625000000E-11   5.31250000000E-11
   5.46875000000E-11   5.62500000000E-11   5.78125000000E-11   5.93750000000E-11
   6.09375000000E-11   6.25000000000E-11   6.40625000000E-11   6.56250000000E-11
   6.71875000000E-11   6.87500000000E-11   7.18750000000E-11   7.50000000000E-11
   7.81250000000E-11   8.12500000000E-11   8.43750000000E-11   8.75000000000E-11
   9.06250000000E-11   9.37500000000E-11   9.68750000000E-11   1.00000000000E-10
   1.03125000000E-10   1.06250000000E-10   1.09375000000E-10   1.12500000000E-10
   1.15625000000E-10   1.18750000000E-10   1.21875000000E-10   1.25000000000E-10
   1.28125000000E-10   1.31250000000E-10   1.34375000000E-10   1.37500000000E-10
   1.43750000000E-10   1.50000000000E-10   1.56250000000E-10   1.62500000000E-10
   1.68750000000E-10   1.75000000000E-10   1.81250000000E-10   1.87500000000E-10
   1.93750000000E-10   2.00000000000E-10   2.09375000000E-10   2.18750000000E-10
   2.28125000000E-10   2.37500000000E-10   2.46875000000E-10   2.56250000000E-10
   2.65625000000E-10   2.75000000000E-10   2.84375000000E-10   2.93750000000E-10
   3.03125000000E-10   3.12500000000E-10   3.21875000000E-10   3.31250000000E-10
   3.40625000000E-10   3.50000000000E-10   3.59375000000E-10   3.68750000000E-10
   3.78125000000E-10   3.87500000000E-10   3.96875000000E-10   4.06250000000E-10
   4.25000000000E-10   4.43750000000E-10   4.62500000000E-10   4.81250000000E-10
   5.00000000000E-10   5.15625000000E-10   5.31250000000E-10   5.46875000000E-10
   5.62500000000E-10   5.78125000000E-10   5.93750000000E-10   6.09375000000E-10
   6.25000000000E-10   6.40625000000E-10   6.56250000000E-10   6.71875000000E-10
   6.87500000000E-10   7.18750000000E-10   7.50000000000E-10   7.81250000000E-10
   8.12500000000E-10   8.43750000000E-10   8.75000000000E-10   9.06250000000E-10
   9.37500000000E-10   9.68750000000E-10   1.00000000000E-09   1.03125000000E-09
   1.06250000000E-09   1.09375000000E-09   1.12500000000E-09   1.15625000000E-09
   1.18750000000E-09   1.21875000000E-09   1.25000000000E-09   1.28125000000E-09
   1.31250000000E-09   1.34375000000E-09   1.37500000000E-09   1.43750000000E-09
   1.50000000000E-09   1.56250000000E-09   1.62500000000E-09   1.68750000000E-09
   1.75000000000E-09   1.81250000000E-09   1.87500000000E-09   1.93750000000E-09
   2.00000000000E-09   2.09375000000E-09   2.18750000000E-09   2.28125000000E-09
   2.37500000000E-09   2.46875000000E-09   2.56250000000E-09   2.65625000000E-09
   2.75000000000E-09   2.84375000000E-09   2.93750000000E-09   3.03125000000E-09
   3.12500000000E-09   3.21875000000E-09   3.31250000000E-09   3.40625000000E-09
   3.50000000000E-09   3.59375000000E-09   3.68750000000E-09   3.78125000000E-09
   3.87500000000E-09   3.96875000000E-09   4.06250000000E-09   4.25000000000E-09
   4.43750000000E-09   4.62500000000E-09   4.81250000000E-09   5.00000000000E-09
   5.15625000000E-09   5.31250000000E-09   5.46875000000E-09   5.62500000000E-09
   5.78125000000E-09   5.93750000000E-09   6.09375000000E-09   6.25000000000E-09
   6.40625000000E-09   6.56250000000E-09   6.71875000000E-09   6.87500000000E-09
   7.18750000000E-09   7.50000000000E-09   7.81250000000E-09   8.12500000000E-09
   8.43750000000E-09   8.75000000000E-09   9.06250000000E-09   9.37500000000E-09
   9.68750000000E-09   1.00000000000E-08   1.03125000000E-08   1.06250000000E-08
   1.09375000000E-08   1.12500000000E-08   1.15625000000E-08   1.18750000000E-08
   1.21875000000E-08   1.25000000000E-08   1.28125000000E-08   1.31250000000E-08
   1.34375000000E-08   1.37500000000E-08   1.43750000000E-08   1.50000000000E-08
   1.56250000000E-08   1.62500000000E-08   1.68750000000E-08   1.75000000000E-08
   1.81250000000E-08   1.87500000000E-08   1.93750000000E-08   2.00000000000E-08
   2.06625000000E-08   2.13250000000E-08   2.19875000000E-08   2.26500000000E-08
   2.33125000000E-08   2.39750000000E-08   2.46375000000E-08   2.53000000000E-08
   2.64578200000E-08   2.76156300000E-08   2.87734400000E-08   2.99312500000E-08
   3.10890700000E-08   3.22468800000E-08   3.34046900000E-08   3.45625000000E-08
   3.55273500000E-08   3.64921900000E-08   3.74570400000E-08   3.84218800000E-08
   3.93867300000E-08   4.03515700000E-08   4.13164100000E-08   4.22812500000E-08
   4.42109400000E-08   4.61406300000E-08   4.80703200000E-08   5.00000000000E-08
   5.15625000000E-08   5.31250000000E-08   5.46875000000E-08   5.62500000000E-08
   5.78125000000E-08   5.93750000000E-08   6.09375000000E-08   6.25000000000E-08
   6.40625000000E-08   6.56250000000E-08   6.71875000000E-08   6.87500000000E-08
   7.18750000000E-08   7.50000000000E-08   7.81250000000E-08   8.12500000000E-08
   8.43750000000E-08   8.75000000000E-08   9.06250000000E-08   9.37500000000E-08
   9.68750000000E-08   1.00000000000E-07   1.03125000000E-07   1.06250000000E-07
   1.09375000000E-07   1.12500000000E-07   1.15625000000E-07   1.18750000000E-07
   1.21875000000E-07   1.25000000000E-07   1.28125000000E-07   1.31250000000E-07
   1.34375000000E-07   1.37500000000E-07   1.43750000000E-07   1.50000000000E-07
   1.56250000000E-07   1.62500000000E-07   1.68750000000E-07   1.75000000000E-07
   1.81250000000E-07   1.87500000000E-07   1.93750000000E-07   2.00000000000E-07
   2.09375000000E-07   2.18750000000E-07   2.28125000000E-07   2.37500000000E-07
   2.46875000000E-07   2.56250000000E-07   2.65625000000E-07   2.75000000000E-07
   2.84375000000E-07   2.93750000000E-07   3.03125000000E-07   3.12500000000E-07
   3.21875000000E-07   3.31250000000E-07   3.40625000000E-07   3.50000000000E-07
   3.59375000000E-07   3.68750000000E-07   3.78125000000E-07   3.87500000000E-07
   3.96875000000E-07   4.06250000000E-07   4.25000000000E-07   4.43750000000E-07
   4.62500000000E-07   5.00000000000E-07   5.31250000000E-07   5.62500000000E-07
   5.93750000000E-07   6.25000000000E-07   6.87500000000E-07   7.50000000000E-07
   8.12500000000E-07   8.75000000000E-07   9.37500000000E-07   1.00000000000E-06
   1.06250000000E-06   1.12500000000E-06   1.18750000000E-06   1.25000000000E-06
   1.37500000000E-06   1.50000000000E-06   1.62500000000E-06   1.75000000000E-06
   1.87500000000E-06   2.00000000000E-06   2.18750000000E-06   2.37500000000E-06
   2.56250000000E-06   2.75000000000E-06   2.93750000000E-06   3.12500000000E-06
   3.31250000000E-06   3.50000000000E-06   3.87500000000E-06   4.25000000000E-06
   4.62500000000E-06   5.00000000000E-06   5.31250000000E-06   5.62500000000E-06
   5.93750000000E-06   6.25000000000E-06   6.87500000000E-06   7.50000000000E-06
   8.12500000000E-06   8.75000000000E-06   9.37500000000E-06   1.00000000000E-05
   1.06250000000E-05   1.12500000000E-05   1.18750000000E-05   1.25000000000E-05
   1.37500000000E-05   1.50000000000E-05   1.62500000000E-05   1.75000000000E-05
   1.87500000000E-05   2.00000000000E-05   2.18750000000E-05   2.37500000000E-05
   2.56250000000E-05   2.75000000000E-05   2.93750000000E-05   3.12500000000E-05
   3.31250000000E-05   3.50000000000E-05   3.87500000000E-05   4.25000000000E-05
   4.62500000000E-05   5.00000000000E-05   5.31250000000E-05   5.62500000000E-05
   5.93750000000E-05   6.25000000000E-05   6.87500000000E-05   7.50000000000E-05
   8.12500000000E-05   8.75000000000E-05   9.37500000000E-05   1.00000000000E-04
   1.06250000000E-04   1.12500000000E-04   1.18750000000E-04   1.25000000000E-04
   1.37500000000E-04   1.50000000000E-04   1.62500000000E-04   1.75000000000E-04
   1.87500000000E-04   2.00000000000E-04   2.18750000000E-04   2.37500000000E-04
   2.56250000000E-04   2.75000000000E-04   2.93750000000E-04   3.12500000000E-04
   3.31250000000E-04   3.50000000000E-04   3.87500000000E-04   4.25000000000E-04
   4.62500000000E-04   5.00000000000E-04   5.31250000000E-04   5.62500000000E-04
   5.93750000000E-04   6.25000000000E-04   6.87500000000E-04   7.50000000000E-04
   8.12500000000E-04   8.75000000000E-04   9.37500000000E-04   1.00000000000E-03
   1.06250000000E-03   1.12500000000E-03   1.18750000000E-03   1.25000000000E-03
   1.37500000000E-03   1.50000000000E-03   1.62500000000E-03   1.75000000000E-03
   1.87500000000E-03   2.00000000000E-03   2.12500000000E-03   2.25000000000E-03
   2.37500000000E-03   2.50000000000E-03   2.75000000000E-03   3.00000000000E-03
   3.25000000000E-03   3.50000000000E-03   3.75000000000E-03   4.00000000000E-03
   4.25000000000E-03   4.50000000000E-03   4.75000000000E-03   5.00000000000E-03
   5.25000000000E-03   5.50000000000E-03   5.75000000000E-03   6.00000000000E-03
   6.25000000000E-03   6.50000000000E-03   6.75000000000E-03   7.00000000000E-03
   7.50000000000E-03   8.00000000000E-03   8.50000000000E-03   9.00000000000E-03
   9.50000000000E-03   1.00000000000E-02   1.05000000000E-02   1.10000000000E-02
   1.15000000000E-02   1.20000000000E-02   1.25000000000E-02   1.30000000000E-02
   1.35000000000E-02   1.40000000000E-02   1.50000000000E-02   1.60000000000E-02
   1.70000000000E-02   1.80000000000E-02   1.90000000000E-02   2.00000000000E-02
   2.10000000000E-02   2.20000000000E-02   2.30000000000E-02   2.40000000000E-02
   2.50000000000E-02   2.60000000000E-02   2.70000000000E-02   2.80000000000E-02
   3.00000000000E-02   3.25000000000E-02   3.50000000000E-02   3.75000000000E-02
   4.00000000000E-02   4.25000000000E-02   4.50000000000E-02   4.75000000000E-02
   5.00000000000E-02   5.25000000000E-02   5.50000000000E-02   5.75000000000E-02
   6.00000000000E-02   6.25000000000E-02   6.50000000000E-02   6.75000000000E-02
   7.00000000000E-02   7.50000000000E-02   8.00000000000E-02   8.50000000000E-02
   9.00000000000E-02   9.50000000000E-02   1.00000000000E-01   1.05000000000E-01
   1.10000000000E-01   1.15000000000E-01   1.20000000000E-01   1.25000000000E-01
   1.30000000000E-01   1.35000000000E-01   1.40000000000E-01   1.50000000000E-01
   1.60000000000E-01   1.70000000000E-01   1.80000000000E-01   1.90000000000E-01
   2.00000000000E-01   2.10000000000E-01   2.20000000000E-01   2.30000000000E-01
   2.40000000000E-01   2.50000000000E-01   2.60000000000E-01   2.70000000000E-01
   2.80000000000E-01   3.00000000000E-01   3.20000000000E-01   3.40000000000E-01
   3.60000000000E-01   3.80000000000E-01   4.00000000000E-01   4.20000000000E-01
   4.40000000000E-01   4.60000000000E-01   4.80000000000E-01   5.00000000000E-01
   5.25000000000E-01   5.50000000000E-01   5.75000000000E-01   6.00000000000E-01
   6.25000000000E-01   6.50000000000E-01   6.75000000000E-01   7.00000000000E-01
   7.50000000000E-01   8.00000000000E-01   8.50000000000E-01   9.00000000000E-01
   9.50000000000E-01   1.00000000000E+00   1.10000000000E+00   1.20000000000E+00
   1.30000000000E+00   1.40000000000E+00   1.50000000000E+00   1.60000000000E+00
   1.70000000000E+00   1.80000000000E+00   1.90000000000E+00   2.00000000000E+00
   2.20000000000E+00   2.40000000000E+00   2.60000000000E+00   2.80000000000E+00
   3.00000000000E+00   3.20000000000E+00   3.40000000000E+00   3.60000000000E+00
   3.80000000000E+00   4.00000000000E+00   4.20000000000E+00   4.40000000000E+00
   4.60000000000E+00   4.80000000000E+00   5.00000000000E+00   5.20000000000E+00
   5.40000000000E+00   5.60000000000E+00   5.80000000000E+00   6.00000000000E+00
   6.20000000000E+00   6.40000000000E+00   6.60000000000E+00   6.80000000000E+00
   7.00000000000E+00   7.50000000000E+00   8.00000000000E+00   8.50000000000E+00
   9.00000000000E+00   9.50000000000E+00   1.00000000000E+01   1.05000000000E+01
   1.10000000000E+01   1.15000000000E+01   1.20000000000E+01   1.25000000000E+01
   1.30000000000E+01   1.35000000000E+01   1.40000000000E+01   1.45000000000E+01
   1.50000000000E+01   1.55000000000E+01   1.60000000000E+01   1.65000000000E+01
   1.70000000000E+01   1.75000000000E+01   1.80000000000E+01   1.85000000000E+01
   1.90000000000E+01   1.95000000000E+01   1.99999900000E+01   2.00000100000E+01
   2.10000000000E+01   2.20000000000E+01   2.30000000000E+01   2.40000000000E+01
   2.50000000000E+01   2.60000000000E+01   2.70000000000E+01   2.80000000000E+01
   2.90000000000E+01   3.00000000000E+01   3.10000000000E+01   3.20000000000E+01
   3.30000000000E+01   3.40000000000E+01   3.50000000000E+01   3.60000000000E+01
   3.70000000000E+01   3.80000000000E+01   4.00000000000E+01   4.20000000000E+01
   4.40000000000E+01   4.60000000000E+01   4.80000000000E+01   5.00000000000E+01
   5.20000000000E+01   5.40000000000E+01   5.60000000000E+01   5.80000000000E+01
   6.00000000000E+01   6.20000000000E+01   6.40000000000E+01   6.60000000000E+01
   6.80000000000E+01   7.00000000000E+01   7.20000000000E+01   7.40000000000E+01
   7.60000000000E+01   7.80000000000E+01   8.00000000000E+01   8.20000000000E+01
   8.40000000000E+01   8.60000000000E+01   8.80000000000E+01   9.00000000000E+01
   9.20000000000E+01   9.40000000000E+01   9.60000000000E+01   9.80000000000E+01
   1.00000000000E+02   1.05000000000E+02   1.10000000000E+02   1.15000000000E+02
   1.20000000000E+02   1.25000000000E+02   1.30000000000E+02   1.35000000000E+02
   1.40000000000E+02   1.50000000000E+02   1.60000000000E+02   1.70000000000E+02
   1.80000000000E+02   1.90000000000E+02   2.00000000000E+02   1.18983185000E+03
   1.17167042000E+03   1.15431634000E+03   1.13771080000E+03   1.12180206000E+03
   1.10654345000E+03   1.09189137000E+03   1.07780626000E+03   1.06425263000E+03
   1.05119703000E+03   1.03861201000E+03   1.02646821000E+03   1.01474027000E+03
   9.92443860000E+02   9.71555670000E+02   9.51933880000E+02   9.33455380000E+02
   9.16013350000E+02   8.99514380000E+02   8.83876420000E+02   8.69027160000E+02
   8.54902480000E+02   8.41445290000E+02   8.22401010000E+02   8.04594740000E+02
   7.87897980000E+02   7.72199960000E+02   7.57405040000E+02   7.43429860000E+02
   7.30201270000E+02   7.17655280000E+02   7.05735093000E+02   6.94390299000E+02
   6.83576067000E+02   6.73252434000E+02   6.63383192000E+02   6.53936088000E+02
   6.44881909000E+02   6.36193982000E+02   6.27848470000E+02   6.19824269000E+02
   6.12099489000E+02   6.04656977000E+02   5.97479798000E+02   5.90552535000E+02
   5.77392374000E+02   5.65075776000E+02   5.53516126000E+02   5.42639177000E+02
   5.32380120000E+02   5.24262087000E+02   5.16505031000E+02   5.09082988000E+02
   5.01972527000E+02   4.95152451000E+02   4.88603489000E+02   4.82308194000E+02
   4.76250643000E+02   4.70416230000E+02   4.64791468000E+02   4.59364183000E+02
   4.54123117000E+02   4.44158769000E+02   4.34824782000E+02   4.26056357000E+02
   4.17799224000E+02   4.10005409000E+02   4.02633225000E+02   3.95646057000E+02
   3.89011450000E+02   3.82700799000E+02   3.76688546000E+02   3.70951971000E+02
   3.65470487000E+02   3.60225934000E+02   3.55201581000E+02   3.50382615000E+02
   3.45755246000E+02   3.41307201000E+02   3.37027219000E+02   3.32904856000E+02
   3.28930880000E+02   3.25096468000E+02   3.21393708000E+02   3.14354137000E+02
   3.07759731000E+02   3.01565557000E+02   2.95732767000E+02   2.90227487000E+02
   2.85020301000E+02   2.80085345000E+02   2.75399396000E+02   2.70942469000E+02
   2.66696510000E+02   2.60688200000E+02   2.55071094000E+02   2.49804523000E+02
   2.44853495000E+02   2.40187882000E+02   2.35781215000E+02   2.31610369000E+02
   2.27655159000E+02   2.23897731000E+02   2.20321963000E+02   2.16913855000E+02
   2.13660628000E+02   2.10551023000E+02   2.07574694000E+02   2.04722414000E+02
   2.01985862000E+02   1.99357433000E+02   1.96830129000E+02   1.94397762000E+02
   1.92054449000E+02   1.89794917000E+02   1.87614396000E+02   1.83472443000E+02
   1.79596842000E+02   1.75960307000E+02   1.72539109000E+02   1.69312959000E+02
   1.66760636000E+02   1.64322318000E+02   1.61989690000E+02   1.59755248000E+02
   1.57612598000E+02   1.55555353000E+02   1.53578237000E+02   1.51676078000E+02
   1.49844312000E+02   1.48078679000E+02   1.46375424000E+02   1.44730797000E+02
   1.41604946000E+02   1.38677598000E+02   1.35928867000E+02   1.33341311000E+02
   1.30899816000E+02   1.28591197000E+02   1.26403990000E+02   1.24327752000E+02
   1.22353655000E+02   1.20473586000E+02   1.18680343000E+02   1.16967435000E+02
   1.15329180000E+02   1.13760206000E+02   1.12255945000E+02   1.10811937000E+02
   1.09424427000E+02   1.08089864000E+02   1.06804803000E+02   1.05566502000E+02
   1.04372122000E+02   1.03219127000E+02   1.01028207000E+02   9.89773070000E+01
   9.70522290000E+01   9.52407280000E+01   9.35321550000E+01   9.19172080000E+01
   9.03877230000E+01   8.89364960000E+01   8.75571590000E+01   8.62440000000E+01
   8.43874320000E+01   8.26535550000E+01   8.10295780000E+01   7.95045070000E+01
   7.80688250000E+01   7.67142660000E+01   7.54335270000E+01   7.42202680000E+01
   7.30688397000E+01   7.19742403000E+01   7.09320371000E+01   6.99382337000E+01
   6.89892596000E+01   6.80819191000E+01   6.72132912000E+01   6.63807685000E+01
   6.55819474000E+01   6.48146768000E+01   6.40769588000E+01   6.33669877000E+01
   6.26831097000E+01   6.20238135000E+01   6.07733774000E+01   5.96057176000E+01
   5.85123027000E+01   5.74857478000E+01   5.65196821000E+01   5.57567988000E+01
   5.50292032000E+01   5.43343089000E+01   5.36698228000E+01   5.30336552000E+01
   5.24239089000E+01   5.18388595000E+01   5.12769344000E+01   5.07366931000E+01
   5.02168368000E+01   4.97161384000E+01   4.92335118000E+01   4.83184270000E+01
   4.74642981000E+01   4.66648757000E+01   4.59147723000E+01   4.52093208000E+01
   4.45444225000E+01   4.39164857000E+01   4.33223649000E+01   4.27592599000E+01
   4.22246746000E+01   4.17163971000E+01   4.12324387000E+01   4.07710134000E+01
   4.03304981000E+01   3.99094715000E+01   3.95065747000E+01   3.91206301000E+01
   3.87505519000E+01   3.83953257000E+01   3.80540481000E+01   3.77258768000E+01
   3.74100508000E+01   3.68126338000E+01   3.62567632000E+01   3.57381058000E+01
   3.52529368000E+01   3.47980288000E+01   3.43705602000E+01   3.39680446000E+01
   3.35883297000E+01   3.32294770000E+01   3.28897711000E+01   3.25489051000E+01
   3.22262430000E+01   3.19203233000E+01   3.16298667000E+01   3.13537159000E+01
   3.10908050000E+01   3.08402199000E+01   3.06010877000E+01   3.02083986000E+01
   2.98447175000E+01   2.95069366000E+01   2.91923648000E+01   2.88986766000E+01
   2.86238609000E+01   2.83661502000E+01   2.81240107000E+01   2.79331199000E+01
   2.77513745000E+01   2.75781344000E+01   2.74128304000E+01   2.72549240000E+01
   2.71039277000E+01   2.69594045000E+01   2.68209577000E+01   2.65608001000E+01
   2.63208325000E+01   2.60987984000E+01   2.58927964000E+01   2.57365740000E+01
   2.55890022000E+01   2.54493795000E+01   2.53170853000E+01   2.51915603000E+01
   2.50723158000E+01   2.49588943000E+01   2.48508784000E+01   2.47478918000E+01
   2.46496084000E+01   2.45557030000E+01   2.44659003000E+01   2.42975753000E+01
   2.41428004000E+01   2.40000075000E+01   2.38678819000E+01   2.37452724000E+01
   2.36312005000E+01   2.35248099000E+01   2.34253561000E+01   2.33321864000E+01
   2.32447195000E+01   2.31624552000E+01   2.30849444000E+01   2.30117990000E+01
   2.29426416000E+01   2.28771755000E+01   2.28150947000E+01   2.27561637000E+01
   2.27001374000E+01   2.26468013000E+01   2.25959812000E+01   2.25474932000E+01
   2.25011738000E+01   2.24145277000E+01   2.23350098000E+01   2.22617899000E+01
   2.21941509000E+01   2.21314576000E+01   2.20731969000E+01   2.20189174000E+01
   2.19682087000E+01   2.19207419000E+01   2.18762091000E+01   2.18143503000E+01
   2.17577256000E+01   2.17057170000E+01   2.16577588000E+01   2.16134077000E+01
   2.15722618000E+01   2.15339810000E+01   2.14982862000E+01   2.14649194000E+01
   2.14336436000E+01   2.14042924000E+01   2.13766701000E+01   2.13506418000E+01
   2.13260629000E+01   2.13028192000E+01   2.12808071000E+01   2.12599331000E+01
   2.12400942000E+01   2.12212375000E+01   2.12032706000E+01   2.11861409000E+01
   2.11697964000E+01   2.11392251000E+01   2.11112123000E+01   2.10854261000E+01
   2.10395824000E+01   2.10062388000E+01   2.09765439000E+01   2.09499227000E+01
   2.09259144000E+01   2.08843403000E+01   2.08495642000E+01   2.08200478000E+01
   2.07946629000E+01   2.07725952000E+01   2.07532300000E+01   2.07360901000E+01
   2.07208036000E+01   2.07071028000E+01   2.06947331000E+01   2.06732804000E+01
   2.06553194000E+01   2.06400548000E+01   2.06269052000E+01   2.06154590000E+01
   2.06054018000E+01   2.05924021000E+01   2.05814008000E+01   2.05719512000E+01
   2.05637451000E+01   2.05565505000E+01   2.05501802000E+01   2.05445107000E+01
   2.05394209000E+01   2.05306569000E+01   2.05233733000E+01   2.05172109000E+01
   2.05119409000E+01   2.05080747000E+01   2.05046280000E+01   2.05015128000E+01
   2.04986927000E+01   2.04937772000E+01   2.04896278000E+01   2.04860702000E+01
   2.04829960000E+01   2.04802903000E+01   2.04778915000E+01   2.04757515000E+01
   2.04738237000E+01   2.04720827000E+01   2.04705036000E+01   2.04677067000E+01
   2.04653289000E+01   2.04632730000E+01   2.04614665000E+01   2.04598683000E+01
   2.04584296000E+01   2.04565202000E+01   2.04548641000E+01   2.04533893000E+01
   2.04520674000E+01   2.04508807000E+01   2.04497930000E+01   2.04487810000E+01
   2.04478511000E+01   2.04461770000E+01   2.04446831000E+01   2.04433369000E+01
   2.04421099000E+01   2.04411567000E+01   2.04402519000E+01   2.04393935000E+01
   2.04385795000E+01   2.04370477000E+01   2.04356058000E+01   2.04342559000E+01
   2.04329728000E+01   2.04317414000E+01   2.04305476000E+01   2.04293993000E+01
   2.04282744000E+01   2.04271811000E+01   2.04260980000E+01   2.04240074000E+01
   2.04219750000E+01   2.04199954000E+01   2.04180446000E+01   2.04161291000E+01
   2.04142361000E+01   2.04114515000E+01   2.04086969000E+01   2.04059785000E+01
   2.04032838000E+01   2.04006102000E+01   2.03979559000E+01   2.03953097000E+01
   2.03926706000E+01   2.03874399000E+01   2.03822384000E+01   2.03770620000E+01
   2.03719079000E+01   2.03676469000E+01   2.03633918000E+01   2.03591419000E+01
   2.03549066000E+01   2.03464476000E+01   2.03380213000E+01   2.03296051000E+01
   2.03211874000E+01   2.03127866000E+01   2.03044015000E+01   2.02961010000E+01
   2.02878147000E+01   2.02795321000E+01   2.02712628000E+01   2.02547225000E+01
   2.02382012000E+01   2.02216671000E+01   2.02051590000E+01   2.01886559000E+01
   2.01721668000E+01   2.01559009000E+01   2.01396579000E+01   2.01234077000E+01
   2.01071797000E+01   2.00746998000E+01   2.00422362000E+01   2.00102374000E+01
   1.99782629000E+01   1.99462720000E+01   1.99143140000E+01   1.98827883000E+01
   1.98512847000E+01   1.98197731000E+01   1.97882732000E+01   1.97572145000E+01
   1.97261772000E+01   1.96951310000E+01   1.96640959000E+01   1.96334815000E+01
   1.96028780000E+01   1.95722853000E+01   1.95416932000E+01   1.94813609000E+01
   1.94210506000E+01   1.93615621000E+01   1.93020952000E+01   1.92434495000E+01
   1.91848351000E+01   1.91273929000E+01   1.90699707000E+01   1.90125385000E+01
   1.89551463000E+01   1.88992567000E+01   1.88433972000E+01   1.87875376000E+01
   1.87317081000E+01   1.86229626000E+01   1.85142772000E+01   1.84084042000E+01
   1.83025914000E+01   1.81994904000E+01   1.80964395000E+01   1.79959800000E+01
   1.78956005000E+01   1.77977022000E+01   1.76998740000E+01   1.76044266000E+01
   1.75090593000E+01   1.74159827000E+01   1.73229762000E+01   1.71414744000E+01
   1.69239319000E+01   1.67065395000E+01   1.65015094000E+01   1.62966393000E+01
   1.61030810000E+01   1.59096827000E+01   1.57266556000E+01   1.55437886000E+01
   1.53704426000E+01   1.51972565000E+01   1.50328513000E+01   1.48685861000E+01
   1.47124315000E+01   1.45564169000E+01   1.44079028000E+01   1.42595288000E+01
   1.39768116000E+01   1.37072651000E+01   1.34499992000E+01   1.32041539000E+01
   1.29689891000E+01   1.27438647000E+01   1.25323808000E+01   1.23210669000E+01
   1.21260836000E+01   1.19312903000E+01   1.17509475000E+01   1.15707746000E+01
   1.14034721000E+01   1.12363297000E+01   1.09251453000E+01   1.06348715000E+01
   1.03634181000E+01   1.01089851000E+01   9.86999043000E+00   9.64506401000E+00
   9.43872193000E+00   9.23254785000E+00   9.04775914000E+00   8.86314443000E+00
   8.69664401000E+00   8.53029759000E+00   8.37943039000E+00   8.22870020000E+00
   7.95402818000E+00   7.70272247000E+00   7.47182400000E+00   7.25885775000E+00
   7.06173267000E+00   6.87867274000E+00   6.70815793000E+00   6.54888224000E+00
   6.39971563000E+00   6.25967411000E+00   6.12791566000E+00   5.97887923000E+00
   5.82993179000E+00   5.69969849000E+00   5.56955820000E+00   5.45458001000E+00
   5.33968182000E+00   5.23724770000E+00   5.13488259000E+00   4.95096547000E+00
   4.78463345000E+00   4.63325849000E+00   4.49472057000E+00   4.36728870000E+00
   4.24954085000E+00   4.03851919000E+00   3.85423257000E+00   3.69132695000E+00
   3.54582532000E+00   3.41471166000E+00   3.29565697000E+00   3.18682725000E+00
   3.08676249000E+00   2.99428270000E+00   2.90842488000E+00   2.75349613000E+00
   2.61701328000E+00   2.49541135000E+00   2.38604333000E+00   2.28690226000E+00
   2.19642715000E+00   2.11338600000E+00   2.03678983000E+00   1.96582664000E+00
   1.89983243000E+00   1.83824822000E+00   1.78060400000E+00   1.72649979000E+00
   1.67559357000E+00   1.62758535000E+00   1.58221714000E+00   1.53926493000E+00
   1.49852672000E+00   1.45982752000E+00   1.42300933000E+00   1.38793114000E+00
   1.35446796000E+00   1.32250478000E+00   1.29194160000E+00   1.26268544000E+00
   1.19472404000E+00   1.13329067000E+00   1.07747233000E+00   1.02652802000E+00
   9.79843718000E-01   9.36906138000E-01   8.97283872000E-01   8.60610519000E-01
   8.26572176000E-01   7.94898642000E-01   7.65355715000E-01   7.37739295000E-01
   7.11870378000E-01   6.87591866000E-01   6.64764557000E-01   6.43265050000E-01
   6.22983444000E-01   6.03821339000E-01   5.85690736000E-01   5.68512232000E-01
   5.52214429000E-01   5.36732525000E-01   5.22008022000E-01   5.07987418000E-01
   4.94622113000E-01   4.81868208000E-01   4.80125714000E-01   4.54814015000E-01
   4.33144040000E-01   4.14504010000E-01   3.96959998000E-01   3.80407997000E-01
   3.64802011000E-01   3.50093004000E-01   3.36235012000E-01   3.23180003000E-01
   3.10882008000E-01   2.99232004000E-01   2.88368014000E-01   2.78008522000E-01
   2.68314043000E-01   2.59044970000E-01   2.50344009000E-01   2.41976558000E-01
   2.34101017000E-01   2.19499968000E-01   2.06434957000E-01   1.94762976000E-01
   1.84336014000E-01   1.75007962000E-01   1.66635023000E-01   1.59067996000E-01
   1.52162984000E-01   1.45772985000E-01   1.39790000000E-01   1.34184028000E-01
   1.28937969000E-01   1.24035022000E-01   1.19455985000E-01   1.15184956000E-01
   1.11203035000E-01   1.07494022000E-01   1.04038017000E-01   1.00819020000E-01
   9.78196000000E-02   9.50210970000E-02   9.24065010000E-02   8.99580010000E-02
   8.76578980000E-02   8.54887010000E-02   8.34327000000E-02   8.14724050000E-02
   7.95905960000E-02   7.77877020000E-02   7.60661020000E-02   7.44231980000E-02
   7.08000613000E-02   6.75099040000E-02   6.45089368000E-02   6.17608040000E-02
   5.96490607000E-02   5.76881980000E-02   5.58622427000E-02   5.41574050000E-02
   5.14657010000E-02   4.90689565000E-02   4.69698296000E-02   4.50730364000E-02
   4.34931839000E-02   4.20455993000E-02   1.67298500000E+01   1.64744200000E+01
   1.62303400000E+01   1.59968000000E+01   1.57730600000E+01   1.55584500000E+01
   1.53523700000E+01   1.51542600000E+01   1.49636300000E+01   1.47800300000E+01
   1.46030100000E+01   1.44322100000E+01   1.42672700000E+01   1.39536600000E+01
   1.36598700000E+01   1.33838800000E+01   1.31239800000E+01   1.28786500000E+01
   1.26465800000E+01   1.24266200000E+01   1.22177600000E+01   1.20190800000E+01
   1.18297900000E+01   1.15619100000E+01   1.13114400000E+01   1.10765800000E+01
   1.08557600000E+01   1.06476400000E+01   1.04510600000E+01   1.02649700000E+01
   1.00884800000E+01   9.92079300000E+00   9.76119900000E+00   9.60906700000E+00
   9.46383400000E+00   9.32499200000E+00   9.19208800000E+00   9.06470900000E+00
   8.94248200000E+00   8.82507000000E+00   8.71216900000E+00   8.60348900000E+00
   8.49877700000E+00   8.39779800000E+00   8.30033500000E+00   8.11517400000E+00
   7.94187600000E+00   7.77922600000E+00   7.62617700000E+00   7.48182000000E+00
   7.36758700000E+00   7.25843100000E+00   7.15398800000E+00   7.05392700000E+00
   6.95795100000E+00   6.86578900000E+00   6.77719400000E+00   6.69194300000E+00
   6.60983000000E+00   6.53066800000E+00   6.45428300000E+00   6.38051700000E+00
   6.24026900000E+00   6.10888200000E+00   5.98545700000E+00   5.86922400000E+00
   5.75950900000E+00   5.65572500000E+00   5.55735700000E+00   5.46395000000E+00
   5.37509900000E+00   5.29044600000E+00   5.20967100000E+00   5.13248700000E+00
   5.05863400000E+00   4.98788100000E+00   4.92001500000E+00   4.85484600000E+00
   4.79220100000E+00   4.73191900000E+00   4.67385600000E+00   4.61788000000E+00
   4.56386800000E+00   4.51170800000E+00   4.41253700000E+00   4.31963100000E+00
   4.23235700000E+00   4.15016700000E+00   4.07258700000E+00   3.99920100000E+00
   3.92964500000E+00   3.86359600000E+00   3.80076900000E+00   3.74091000000E+00
   3.65620000000E+00   3.57699400000E+00   3.50272300000E+00   3.43289500000E+00
   3.36708200000E+00   3.30491500000E+00   3.24606900000E+00   3.19025900000E+00
   3.13723100000E+00   3.08676300000E+00   3.03865500000E+00   2.99272800000E+00
   2.94882300000E+00   2.90679400000E+00   2.86651400000E+00   2.82786200000E+00
   2.79073300000E+00   2.75502900000E+00   2.72066200000E+00   2.68754900000E+00
   2.65561700000E+00   2.62479600000E+00   2.56624300000E+00   2.51144200000E+00
   2.46000700000E+00   2.41160900000E+00   2.36595900000E+00   2.32983600000E+00
   2.29531800000E+00   2.26229000000E+00   2.23064800000E+00   2.20029800000E+00
   2.17115300000E+00   2.14313700000E+00   2.11617800000E+00   2.09021200000E+00
   2.06517900000E+00   2.04102400000E+00   2.01769700000E+00   1.97334600000E+00
   1.93179800000E+00   1.89276700000E+00   1.85601100000E+00   1.82131600000E+00
   1.78849700000E+00   1.75739000000E+00   1.72785200000E+00   1.69975500000E+00
   1.67298600000E+00   1.64744300000E+00   1.62303500000E+00   1.59968000000E+00
   1.57730600000E+00   1.55584500000E+00   1.53523700000E+00   1.51542700000E+00
   1.49636400000E+00   1.47800300000E+00   1.46030200000E+00   1.44322200000E+00
   1.42672700000E+00   1.39536700000E+00   1.36598700000E+00   1.33838900000E+00
   1.31239800000E+00   1.28786500000E+00   1.26465800000E+00   1.24266300000E+00
   1.22177600000E+00   1.20190900000E+00   1.18298000000E+00   1.15619200000E+00
   1.13114500000E+00   1.10765800000E+00   1.08557700000E+00   1.06476500000E+00
   1.04510600000E+00   1.02649700000E+00   1.00884800000E+00   9.92079700000E-01
   9.76120300000E-01   9.60907100000E-01   9.46383700000E-01   9.32499600000E-01
   9.19209100000E-01   9.06471200000E-01   8.94248500000E-01   8.82507400000E-01
   8.71216800000E-01   8.60348800000E-01   8.49877700000E-01   8.39779700000E-01
   8.30033500000E-01   8.11517400000E-01   7.94187600000E-01   7.77922700000E-01
   7.62617800000E-01   7.48182100000E-01   7.36758800000E-01   7.25843200000E-01
   7.15398900000E-01   7.05392800000E-01   6.95795200000E-01   6.86578900000E-01
   6.77719500000E-01   6.69194400000E-01   6.60983100000E-01   6.53066800000E-01
   6.45428400000E-01   6.38051800000E-01   6.24027000000E-01   6.10888100000E-01
   5.98545700000E-01   5.86922300000E-01   5.75950800000E-01   5.65572500000E-01
   5.55735700000E-01   5.46394900000E-01   5.37509900000E-01   5.29044600000E-01
   5.20967100000E-01   5.13248700000E-01   5.05863400000E-01   4.98788100000E-01
   4.92001500000E-01   4.85484700000E-01   4.79220100000E-01   4.73191900000E-01
   4.67385700000E-01   4.61788100000E-01   4.56386800000E-01   4.51170800000E-01
   4.41253800000E-01   4.31963200000E-01   4.23235800000E-01   4.15016800000E-01
   4.07258800000E-01   3.99920200000E-01   3.92964600000E-01   3.86359700000E-01
   3.80077000000E-01   3.74091100000E-01   3.68045100000E-01   3.62283000000E-01
   3.56783300000E-01   3.51526700000E-01   3.46495900000E-01   3.41675000000E-01
   3.37049900000E-01   3.32607700000E-01   3.25248600000E-01   3.18357500000E-01
   3.11886600000E-01   3.05794800000E-01   3.00046600000E-01   2.94610900000E-01
   2.89460200000E-01   2.84570700000E-01   2.80679900000E-01   2.76944500000E-01
   2.73354400000E-01   2.69900400000E-01   2.66574000000E-01   2.63367700000E-01
   2.60274500000E-01   2.57287700000E-01   2.51610100000E-01   2.46292500000E-01
   2.41298400000E-01   2.36596400000E-01   2.32984000000E-01   2.29532200000E-01
   2.26229500000E-01   2.23065300000E-01   2.20030300000E-01   2.17115800000E-01
   2.14314300000E-01   2.11618400000E-01   2.09021800000E-01   2.06518400000E-01
   2.04103000000E-01   2.01770300000E-01   1.97335300000E-01   1.93180400000E-01
   1.89277500000E-01   1.85601900000E-01   1.82132400000E-01   1.78850500000E-01
   1.75739900000E-01   1.72786100000E-01   1.69976400000E-01   1.67299500000E-01
   1.64745200000E-01   1.62304400000E-01   1.59969000000E-01   1.57731600000E-01
   1.55585500000E-01   1.53524700000E-01   1.51543700000E-01   1.49637400000E-01
   1.47801300000E-01   1.46031200000E-01   1.44323200000E-01   1.42673800000E-01
   1.39537700000E-01   1.36599800000E-01   1.33839900000E-01   1.31240900000E-01
   1.28787600000E-01   1.26466900000E-01   1.24267400000E-01   1.22178700000E-01
   1.20191900000E-01   1.18299100000E-01   1.15620300000E-01   1.13115600000E-01
   1.10767000000E-01   1.08558800000E-01   1.06477700000E-01   1.04511800000E-01
   1.02651000000E-01   1.00886200000E-01   9.92094200000E-02   9.76135700000E-02
   9.60923500000E-02   9.46401200000E-02   9.32518200000E-02   9.19228900000E-02
   9.06492300000E-02   8.94271000000E-02   8.82531100000E-02   8.71242000000E-02
   8.60375400000E-02   8.49905600000E-02   8.39809100000E-02   8.30064100000E-02
   8.11550700000E-02   7.94223400000E-02   7.77960700000E-02   7.48223900000E-02
   7.25887600000E-02   7.05439100000E-02   6.86626800000E-02   6.69243500000E-02
   6.38103200000E-02   6.10941600000E-02   5.86977900000E-02   5.65629300000E-02
   5.46451700000E-02   5.29099900000E-02   5.13300900000E-02   4.98836200000E-02
   4.85528300000E-02   4.73231300000E-02   4.51203700000E-02   4.31993700000E-02
   4.15047700000E-02   3.99951700000E-02   3.86390100000E-02   3.74118300000E-02
   3.57720600000E-02   3.43307700000E-02   3.30511800000E-02   3.19050900000E-02
   3.08705100000E-02   2.99302300000E-02   2.90706500000E-02   2.82809100000E-02
   2.68768800000E-02   2.56632700000E-02   2.46009200000E-02   2.36608500000E-02
   2.29546900000E-02   2.23079700000E-02   2.17127600000E-02   2.11626600000E-02
   2.01771800000E-02   1.93178000000E-02   1.85601700000E-02   1.78859800000E-02
   1.72802500000E-02   1.67314900000E-02   1.62315100000E-02   1.57737400000E-02
   1.53526500000E-02   1.49635800000E-02   1.42666800000E-02   1.36589200000E-02
   1.31229900000E-02   1.26465300000E-02   1.22183100000E-02   1.18296000000E-02
   1.13102000000E-02   1.08541400000E-02   1.04492700000E-02   1.00874200000E-02
   9.76069700000E-03   9.46303900000E-03   9.19096700000E-03   8.94109200000E-03
   8.49697400000E-03   8.11308000000E-03   7.77692900000E-03   7.47988400000E-03
   7.25673500000E-03   7.05193500000E-03   6.86352800000E-03   6.68945500000E-03
   6.37766800000E-03   6.10576000000E-03   5.86589600000E-03   5.65282000000E-03
   5.46139700000E-03   5.28762200000E-03   5.12933000000E-03   4.98442000000E-03
   4.85112700000E-03   4.72797600000E-03   4.50740300000E-03   4.31504800000E-03
   4.14536800000E-03   3.99456400000E-03   3.85910500000E-03   3.73606900000E-03
   3.57145600000E-03   3.42688700000E-03   3.29852200000E-03   3.18375400000E-03
   3.08017000000E-03   2.98586100000E-03   2.89969600000E-03   2.82056600000E-03
   2.67993600000E-03   2.55839500000E-03   2.45198000000E-03   2.35785700000E-03
   2.28685400000E-03   2.22176400000E-03   2.16190200000E-03   2.10660400000E-03
   2.00758600000E-03   1.92126200000E-03   1.84513600000E-03   1.77741700000E-03
   1.71661100000E-03   1.66152500000E-03   1.61095800000E-03   1.56467200000E-03
   1.52211400000E-03   1.48281200000E-03   1.41245900000E-03   1.35115300000E-03
   1.29711000000E-03   1.24903900000E-03   1.20589000000E-03   1.16682800000E-03
   1.13085000000E-03   1.09793100000E-03   1.06767500000E-03   1.03974300000E-03
   9.89768200000E-04   9.46236200000E-04   9.07421300000E-04   8.72914000000E-04
   8.41970100000E-04   8.13993000000E-04   7.88264800000E-04   7.64746000000E-04
   7.43145600000E-04   7.23212300000E-04   7.04541000000E-04   6.87182200000E-04
   6.70995100000E-04   6.55849800000E-04   6.41490300000E-04   6.27985700000E-04
   6.15259500000E-04   6.03245400000E-04   5.80852500000E-04   5.60642600000E-04
   5.42108600000E-04   5.25189900000E-04   5.09515800000E-04   4.95096900000E-04
   4.82861800000E-04   4.70667300000E-04   4.58472600000E-04   4.46331000000E-04
   4.36734400000E-04   4.27190500000E-04   4.17646500000E-04   4.08141300000E-04
   3.92621500000E-04   3.77170200000E-04   3.64248200000E-04   3.51379500000E-04
   3.40398500000E-04   3.29460100000E-04   3.19975900000E-04   3.10526600000E-04
   3.02226500000E-04   2.93955800000E-04   2.86612400000E-04   2.79293900000E-04
   2.72737100000E-04   2.66201700000E-04   2.54424700000E-04   2.41934000000E-04
   2.29473700000E-04   2.19387300000E-04   2.09329800000E-04   2.00982200000E-04
   1.92657300000E-04   1.85613700000E-04   1.78588100000E-04   1.72552700000E-04
   1.66532100000E-04   1.61295300000E-04   1.56071000000E-04   1.51480000000E-04
   1.46899500000E-04   1.42839200000E-04   1.38788100000E-04   1.31560300000E-04
   1.25078200000E-04   1.19231700000E-04   1.13932300000E-04   1.09107400000E-04
   1.04697800000E-04   1.00810000000E-04   9.69286100000E-05   9.36156500000E-05
   9.03090500000E-05   8.74572000000E-05   8.46107100000E-05   8.21339600000E-05
   7.96617500000E-05   7.53307200000E-05   7.15153200000E-05   6.81345600000E-05
   6.51235300000E-05   6.24295200000E-05   6.00097200000E-05   5.79302200000E-05
   5.58536800000E-05   5.41416600000E-05   5.24324800000E-05   5.10086100000E-05
   4.95870800000E-05   4.83926100000E-05   4.72000900000E-05   4.51832500000E-05
   4.34689800000E-05   4.20047200000E-05   4.07490000000E-05   3.96686400000E-05
   3.87368900000E-05   3.79319000000E-05   3.72356400000E-05   3.66331800000E-05
   3.61120100000E-05   3.56617200000E-05   3.52254200000E-05   3.47898200000E-05
   3.44944000000E-05   3.41996500000E-05   3.40078900000E-05   3.38166400000E-05
   3.37019400000E-05   3.35876500000E-05   3.34740600000E-05   3.34472500000E-05
   3.34856300000E-05   3.35727600000E-05   3.36959300000E-05   3.38452400000E-05
   3.41928600000E-05   3.45711700000E-05   3.49524000000E-05   3.53192100000E-05
   3.56611700000E-05   3.59722600000E-05   3.62495600000E-05   3.64921200000E-05
   3.67003000000E-05   3.68753500000E-05   3.71336300000E-05   3.72841300000E-05
   3.73450200000E-05   3.73333600000E-05   3.72641900000E-05   3.71503300000E-05
   3.70024500000E-05   3.68292700000E-05   3.66378400000E-05   3.64337900000E-05
   3.62216200000E-05   3.60048200000E-05   3.57861300000E-05   3.55676900000E-05
   3.53510900000E-05   3.51375500000E-05   3.49279600000E-05   3.47229700000E-05
   3.45230000000E-05   3.43283400000E-05   3.41391300000E-05   3.39554500000E-05
   3.37772500000E-05   3.36045000000E-05   3.34370700000E-05   3.30407000000E-05
   3.26737500000E-05   3.23330700000E-05   3.20154500000E-05   3.17178700000E-05
   3.14375400000E-05   3.11719200000E-05   3.09187700000E-05   3.06760900000E-05
   3.04421400000E-05   3.02154000000E-05   2.99945500000E-05   2.97784500000E-05
   2.95661100000E-05   2.93567000000E-05   2.91495100000E-05   2.89439300000E-05
   2.87394600000E-05   2.85356900000E-05   2.83322700000E-05   2.81289400000E-05
   2.79254800000E-05   2.77217400000E-05   2.75176100000E-05   2.73130100000E-05
   2.71079200000E-05   2.55140000000E-05   2.51148000000E-05   2.47400000000E-05
   2.44099100000E-05   2.40980000000E-05   2.37968200000E-05   2.35110000000E-05
   2.32040200000E-05   2.29120000000E-05   2.26027800000E-05   2.23080000000E-05
   2.20042100000E-05   2.17140000000E-05   2.14222700000E-05   2.11430000000E-05
   2.08704800000E-05   2.06090000000E-05   2.03581900000E-05   2.01170000000E-05
   1.96680000000E-05   1.92570000000E-05   1.88760000000E-05   1.85140000000E-05
   1.81620000000E-05   1.78230000000E-05   1.74960000000E-05   1.71840000000E-05
   1.68850000000E-05   1.66000000000E-05   1.63280000000E-05   1.60690000000E-05
   1.58220000000E-05   1.55850000000E-05   1.53560000000E-05   1.51350000000E-05
   1.49220000000E-05   1.47170000000E-05   1.45200000000E-05   1.43300000000E-05
   1.41470000000E-05   1.39710000000E-05   1.38010000000E-05   1.36380000000E-05
   1.34810000000E-05   1.33300000000E-05   1.31850000000E-05   1.30460000000E-05
   1.29120000000E-05   1.27820000000E-05   1.26580000000E-05   1.23713100000E-05
   1.21040000000E-05   1.18667700000E-05   1.16440000000E-05   1.14507000000E-05
   1.12680000000E-05   1.11126600000E-05   1.09650000000E-05   1.06210000000E-05
   1.03065400000E-05   1.00196300000E-05   9.75644700000E-06   9.51386200000E-06
   9.28930000000E-06   1.17310200000E+03   1.15519600000E+03   1.13808600000E+03
   1.12171400000E+03   1.10602900000E+03   1.09098500000E+03   1.07653900000E+03
   1.06265200000E+03   1.04928900000E+03   1.03641700000E+03   1.02400900000E+03
   1.01203600000E+03   1.00047300000E+03   9.78490200000E+02   9.57895800000E+02
   9.38550000000E+02   9.20331400000E+02   9.03134700000E+02   8.86867800000E+02
   8.71449800000E+02   8.56809400000E+02   8.42883400000E+02   8.29615500000E+02
   8.10839100000E+02   7.93283300000E+02   7.76821400000E+02   7.61344200000E+02
   7.46757400000E+02   7.32978800000E+02   7.19936300000E+02   7.07566800000E+02
   6.95814300000E+02   6.84629100000E+02   6.73967000000E+02   6.63788600000E+02
   6.54058200000E+02   6.44744000000E+02   6.35817200000E+02   6.27251500000E+02
   6.19023400000E+02   6.11112100000E+02   6.03496000000E+02   5.96158200000E+02
   5.89082000000E+02   5.82252200000E+02   5.69277200000E+02   5.57133900000E+02
   5.45736900000E+02   5.35013000000E+02   5.24898300000E+02   5.16894500000E+02
   5.09246600000E+02   5.01929000000E+02   4.94918600000E+02   4.88194500000E+02
   4.81737700000E+02   4.75531000000E+02   4.69558700000E+02   4.63806400000E+02
   4.58260800000E+02   4.52909900000E+02   4.47742600000E+02   4.37918500000E+02
   4.28715900000E+02   4.20070900000E+02   4.11930000000E+02   4.04245900000E+02
   3.96977500000E+02   3.90088700000E+02   3.83547500000E+02   3.77325700000E+02
   3.71398100000E+02   3.65742300000E+02   3.60338000000E+02   3.55167300000E+02
   3.50213700000E+02   3.45462600000E+02   3.40900400000E+02   3.36515000000E+02
   3.32295300000E+02   3.28231000000E+02   3.24313000000E+02   3.20532600000E+02
   3.16882000000E+02   3.09941600000E+02   3.03440100000E+02   2.97333200000E+02
   2.91582600000E+02   2.86154900000E+02   2.81021100000E+02   2.76155700000E+02
   2.71535800000E+02   2.67141700000E+02   2.62955600000E+02   2.57032000000E+02
   2.51494100000E+02   2.46301800000E+02   2.41420600000E+02   2.36820800000E+02
   2.32476300000E+02   2.28364300000E+02   2.24464900000E+02   2.20760500000E+02
   2.17235200000E+02   2.13875200000E+02   2.10667900000E+02   2.07602200000E+02
   2.04667900000E+02   2.01855900000E+02   1.99158000000E+02   1.96566700000E+02
   1.94075100000E+02   1.91677100000E+02   1.89366900000E+02   1.87139300000E+02
   1.84989600000E+02   1.80906200000E+02   1.77085400000E+02   1.73500300000E+02
   1.70127500000E+02   1.66947000000E+02   1.64430800000E+02   1.62027000000E+02
   1.59727400000E+02   1.57524600000E+02   1.55412300000E+02   1.53384200000E+02
   1.51435100000E+02   1.49559900000E+02   1.47754100000E+02   1.46013500000E+02
   1.44334400000E+02   1.42713100000E+02   1.39631600000E+02   1.36745800000E+02
   1.34036100000E+02   1.31485300000E+02   1.29078500000E+02   1.26802700000E+02
   1.24646600000E+02   1.22599900000E+02   1.20653900000E+02   1.18800600000E+02
   1.17032900000E+02   1.15344400000E+02   1.13729500000E+02   1.12182900000E+02
   1.10700100000E+02   1.09276700000E+02   1.07909000000E+02   1.06593500000E+02
   1.05326800000E+02   1.04106200000E+02   1.02928900000E+02   1.01792400000E+02
   9.96328400000E+01   9.76113200000E+01   9.57138400000E+01   9.39283300000E+01
   9.22442900000E+01   9.06525500000E+01   8.91450600000E+01   8.77147200000E+01
   8.63552500000E+01   8.50610200000E+01   8.32312400000E+01   8.15224100000E+01
   7.99219200000E+01   7.84189300000E+01   7.70040600000E+01   7.56691600000E+01
   7.44070300000E+01   7.32114200000E+01   7.20767600000E+01   7.09981200000E+01
   6.99711300000E+01   6.89918500000E+01   6.80567600000E+01   6.71627100000E+01
   6.63068200000E+01   6.54865200000E+01   6.46994400000E+01   6.39434600000E+01
   6.32166100000E+01   6.25171100000E+01   6.18433300000E+01   6.11937800000E+01
   5.99618600000E+01   5.88115300000E+01   5.77343800000E+01   5.67231300000E+01
   5.57715000000E+01   5.50200400000E+01   5.43033600000E+01   5.36189100000E+01
   5.29644300000E+01   5.23378600000E+01   5.17373300000E+01   5.11611400000E+01
   5.06077400000E+01   5.00757100000E+01   4.95637700000E+01   4.90707100000E+01
   4.85954600000E+01   4.76944000000E+01   4.68534100000E+01   4.60663300000E+01
   4.53278500000E+01   4.46333700000E+01   4.39788500000E+01   4.33607500000E+01
   4.27759700000E+01   4.22217500000E+01   4.16956300000E+01   4.11954300000E+01
   4.07191900000E+01   4.02651500000E+01   3.98317100000E+01   3.94174700000E+01
   3.90210900000E+01   3.86414100000E+01   3.82773600000E+01   3.79279400000E+01
   3.75922600000E+01   3.72694900000E+01   3.69588800000E+01   3.63713800000E+01
   3.58248000000E+01   3.53148700000E+01   3.48379200000E+01   3.43907700000E+01
   3.39706400000E+01   3.35750800000E+01   3.32019700000E+01   3.28494000000E+01
   3.25156800000E+01   3.21808600000E+01   3.18639600000E+01   3.15635400000E+01
   3.12783400000E+01   3.10072200000E+01   3.07491300000E+01   3.05031700000E+01
   3.02684800000E+01   2.98831500000E+01   2.95263600000E+01   2.91950500000E+01
   2.88865700000E+01   2.85986300000E+01   2.83292500000E+01   2.80766900000E+01
   2.78394400000E+01   2.76524400000E+01   2.74744300000E+01   2.73047800000E+01
   2.71429300000E+01   2.69883500000E+01   2.68405600000E+01   2.66991300000E+01
   2.65636700000E+01   2.63091900000E+01   2.60745400000E+01   2.58575000000E+01
   2.56562000000E+01   2.55035900000E+01   2.53594700000E+01   2.52231500000E+01
   2.50940200000E+01   2.49715300000E+01   2.48552000000E+01   2.47445800000E+01
   2.46392600000E+01   2.45388700000E+01   2.44430900000E+01   2.43516000000E+01
   2.42641300000E+01   2.41002400000E+01   2.39496200000E+01   2.38107300000E+01
   2.36822800000E+01   2.35631400000E+01   2.34523500000E+01   2.33490700000E+01
   2.32525700000E+01   2.31622100000E+01   2.30774200000E+01   2.29977100000E+01
   2.29226400000E+01   2.28518300000E+01   2.27849100000E+01   2.27215900000E+01
   2.26615700000E+01   2.26046200000E+01   2.25505000000E+01   2.24990000000E+01
   2.24499500000E+01   2.24031700000E+01   2.23585000000E+01   2.22749900000E+01
   2.21984100000E+01   2.21279500000E+01   2.20629100000E+01   2.20026700000E+01
   2.19467300000E+01   2.18946500000E+01   2.18460300000E+01   2.18005500000E+01
   2.17579100000E+01   2.16987300000E+01   2.16446100000E+01   2.15949500000E+01
   2.15492000000E+01   2.15069300000E+01   2.14677500000E+01   2.14313300000E+01
   2.13974000000E+01   2.13657100000E+01   2.13360300000E+01   2.13082000000E+01
   2.12820300000E+01   2.12573900000E+01   2.12341400000E+01   2.12121700000E+01
   2.11913800000E+01   2.11716800000E+01   2.11529700000E+01   2.11352000000E+01
   2.11182800000E+01   2.11021600000E+01   2.10867900000E+01   2.10580700000E+01
   2.10317900000E+01   2.10076300000E+01   2.09647600000E+01   2.09336500000E+01
   2.09060000000E+01   2.08812600000E+01   2.08589900000E+01   2.08205300000E+01
   2.07884700000E+01   2.07613500000E+01   2.07381000000E+01   2.07179500000E+01
   2.07003200000E+01   2.06847600000E+01   2.06709200000E+01   2.06585500000E+01
   2.06474100000E+01   2.06281600000E+01   2.06121200000E+01   2.05985500000E+01
   2.05869100000E+01   2.05768200000E+01   2.05679900000E+01   2.05566300000E+01
   2.05470700000E+01   2.05389000000E+01   2.05318400000E+01   2.05256800000E+01
   2.05202500000E+01   2.05154400000E+01   2.05111400000E+01   2.05037800000E+01
   2.04977100000E+01   2.04926100000E+01   2.04882800000E+01   2.04851200000E+01
   2.04823200000E+01   2.04798000000E+01   2.04775300000E+01   2.04736000000E+01
   2.04703100000E+01   2.04675100000E+01   2.04651100000E+01   2.04630100000E+01
   2.04611600000E+01   2.04595200000E+01   2.04580500000E+01   2.04567300000E+01
   2.04555400000E+01   2.04534400000E+01   2.04516700000E+01   2.04501500000E+01
   2.04488200000E+01   2.04476500000E+01   2.04466000000E+01   2.04452100000E+01
   2.04440100000E+01   2.04429400000E+01   2.04419800000E+01   2.04411200000E+01
   2.04403300000E+01   2.04395900000E+01   2.04389100000E+01   2.04376800000E+01
   2.04365700000E+01   2.04355600000E+01   2.04346300000E+01   2.04339000000E+01
   2.04332000000E+01   2.04325300000E+01   2.04318900000E+01   2.04306700000E+01
   2.04295000000E+01   2.04283900000E+01   2.04273200000E+01   2.04262800000E+01
   2.04252600000E+01   2.04242700000E+01   2.04232900000E+01   2.04223300000E+01
   2.04213700000E+01   2.04195000000E+01   2.04176600000E+01   2.04158500000E+01
   2.04140500000E+01   2.04122700000E+01   2.04105000000E+01   2.04078800000E+01
   2.04052700000E+01   2.04026800000E+01   2.04001000000E+01   2.03975300000E+01
   2.03949700000E+01   2.03924100000E+01   2.03898500000E+01   2.03847600000E+01
   2.03796800000E+01   2.03746100000E+01   2.03695500000E+01   2.03653600000E+01
   2.03611700000E+01   2.03569800000E+01   2.03528000000E+01   2.03444400000E+01
   2.03361000000E+01   2.03277600000E+01   2.03194100000E+01   2.03110700000E+01
   2.03027400000E+01   2.02944900000E+01   2.02862500000E+01   2.02780100000E+01
   2.02697800000E+01   2.02533100000E+01   2.02368500000E+01   2.02203700000E+01
   2.02039100000E+01   2.01874500000E+01   2.01710000000E+01   2.01547700000E+01
   2.01385600000E+01   2.01223400000E+01   2.01061400000E+01   2.00737100000E+01
   2.00412900000E+01   2.00093300000E+01   1.99773900000E+01   1.99454300000E+01
   1.99135000000E+01   1.98820000000E+01   1.98505200000E+01   1.98190300000E+01
   1.97875500000E+01   1.97565100000E+01   1.97254900000E+01   1.96944600000E+01
   1.96634400000E+01   1.96328400000E+01   1.96022500000E+01   1.95716700000E+01
   1.95410900000E+01   1.94807800000E+01   1.94204900000E+01   1.93610200000E+01
   1.93015700000E+01   1.92429400000E+01   1.91843400000E+01   1.91269100000E+01
   1.90695000000E+01   1.90120800000E+01   1.89547000000E+01   1.88988200000E+01
   1.88429700000E+01   1.87871200000E+01   1.87313000000E+01   1.86225700000E+01
   1.85139000000E+01   1.84080400000E+01   1.83022400000E+01   1.81991500000E+01
   1.80961100000E+01   1.79956600000E+01   1.78952900000E+01   1.77974000000E+01
   1.76995800000E+01   1.76041400000E+01   1.75087800000E+01   1.74157100000E+01
   1.73227100000E+01   1.71412200000E+01   1.69236900000E+01   1.67063100000E+01
   1.65012900000E+01   1.62964300000E+01   1.61028800000E+01   1.59094900000E+01
   1.57264700000E+01   1.55436100000E+01   1.53702700000E+01   1.51970900000E+01
   1.50326900000E+01   1.48684300000E+01   1.47122800000E+01   1.45562700000E+01
   1.44077600000E+01   1.42593900000E+01   1.39766800000E+01   1.37071400000E+01
   1.34498800000E+01   1.32040400000E+01   1.29688800000E+01   1.27437600000E+01
   1.25322800000E+01   1.23209700000E+01   1.21259900000E+01   1.19312000000E+01
   1.17508600000E+01   1.15706900000E+01   1.14033900000E+01   1.12362500000E+01
   1.09250700000E+01   1.06348000000E+01   1.03633500000E+01   1.01089200000E+01
   9.86992800000E+00   9.64500400000E+00   9.43866400000E+00   9.23249200000E+00
   9.04770500000E+00   8.86309200000E+00   8.69659300000E+00   8.53024800000E+00
   8.37938200000E+00   8.22865300000E+00   7.95398300000E+00   7.70267900000E+00
   7.47178200000E+00   7.25881700000E+00   7.06169300000E+00   6.87863400000E+00
   6.70812000000E+00   6.54884500000E+00   6.39967900000E+00   6.25963800000E+00
   6.12788000000E+00   5.97884400000E+00   5.82989700000E+00   5.69966400000E+00
   5.56952400000E+00   5.45454600000E+00   5.33964800000E+00   5.23721400000E+00
   5.13484900000E+00   4.95093200000E+00   4.78460000000E+00   4.63322500000E+00
   4.49468700000E+00   4.36725500000E+00   4.24950700000E+00   4.03848500000E+00
   3.85419800000E+00   3.69129200000E+00   3.54579000000E+00   3.41467600000E+00
   3.29562100000E+00   3.18679100000E+00   3.08672600000E+00   2.99424600000E+00
   2.90838800000E+00   2.75345900000E+00   2.61697600000E+00   2.49537400000E+00
   2.38600600000E+00   2.28686500000E+00   2.19639000000E+00   2.11334900000E+00
   2.03675300000E+00   1.96579000000E+00   1.89979600000E+00   1.83821200000E+00
   1.78056800000E+00   1.72646400000E+00   1.67555800000E+00   1.62755000000E+00
   1.58218200000E+00   1.53923000000E+00   1.49849200000E+00   1.45979300000E+00
   1.42297500000E+00   1.38789700000E+00   1.35443400000E+00   1.32247100000E+00
   1.29190800000E+00   1.26265200000E+00   1.19469100000E+00   1.13325800000E+00
   1.07744000000E+00   1.02649600000E+00   9.79812000000E-01   9.36874700000E-01
   8.97252700000E-01   8.60579600000E-01   8.26541500000E-01   7.94868200000E-01
   7.65325500000E-01   7.37709300000E-01   7.11840600000E-01   6.87562300000E-01
   6.64735200000E-01   6.43235900000E-01   6.22954500000E-01   6.03792600000E-01
   5.85662200000E-01   5.68483900000E-01   5.52186300000E-01   5.36704600000E-01
   5.21980300000E-01   5.07959900000E-01   4.94594800000E-01   4.81841100000E-01
   4.80100200000E-01   4.54788900000E-01   4.33119300000E-01   4.14479600000E-01
   3.96935900000E-01   3.80384200000E-01   3.64778500000E-01   3.50069800000E-01
   3.36212100000E-01   3.23157400000E-01   3.10859700000E-01   2.99210000000E-01
   2.88346300000E-01   2.77987100000E-01   2.68292900000E-01   2.59024100000E-01
   2.50323400000E-01   2.41956200000E-01   2.34080900000E-01   2.19480300000E-01
   2.06415700000E-01   1.94744100000E-01   1.84317500000E-01   1.74989800000E-01
   1.66617200000E-01   1.59050500000E-01   1.52145800000E-01   1.45756100000E-01
   1.39773400000E-01   1.34167700000E-01   1.28921900000E-01   1.24019200000E-01
   1.19440400000E-01   1.15169600000E-01   1.11187900000E-01   1.07479100000E-01
   1.04023300000E-01   1.00804500000E-01   9.78052700000E-02   9.50069500000E-02
   9.23925300000E-02   8.99442000000E-02   8.76442600000E-02   8.54752200000E-02
   8.34193700000E-02   8.14592200000E-02   7.95775500000E-02   7.77747900000E-02
   7.60533200000E-02   7.44105400000E-02   7.07876900000E-02   6.74978000000E-02
   6.44970700000E-02   6.17491600000E-02   5.96376100000E-02   5.76769300000E-02
   5.58511300000E-02   5.41464400000E-02   5.14550800000E-02   4.90586500000E-02
   4.69598100000E-02   4.50632800000E-02   4.34836700000E-02   4.20363100000E-02
   1.85010600000E-05   1.85009800000E-05   1.85009000000E-05   1.85008400000E-05
   1.85007700000E-05   1.85006900000E-05   1.85006100000E-05   1.85005300000E-05
   1.85004600000E-05   1.85004000000E-05   1.85003200000E-05   1.85002400000E-05
   1.85001800000E-05   1.85000300000E-05   1.84998900000E-05   1.84997300000E-05
   1.84995900000E-05   1.84994500000E-05   1.84992900000E-05   1.84991500000E-05
   1.84990100000E-05   1.84988600000E-05   1.84987100000E-05   1.84984800000E-05
   1.84982600000E-05   1.84980500000E-05   1.84978300000E-05   1.84976100000E-05
   1.84974000000E-05   1.84971700000E-05   1.84969400000E-05   1.84967300000E-05
   1.84965100000E-05   1.84962900000E-05   1.84960800000E-05   1.84958600000E-05
   1.84956300000E-05   1.84954200000E-05   1.84951900000E-05   1.84949700000E-05
   1.84947400000E-05   1.84945100000E-05   1.84942900000E-05   1.84940800000E-05
   1.84938700000E-05   1.84934200000E-05   1.84929900000E-05   1.84925400000E-05
   1.84921000000E-05   1.84916600000E-05   1.84913000000E-05   1.84909300000E-05
   1.84905700000E-05   1.84902000000E-05   1.84898400000E-05   1.84894800000E-05
   1.84891100000E-05   1.84887400000E-05   1.84883700000E-05   1.84880100000E-05
   1.84876500000E-05   1.84872800000E-05   1.84865500000E-05   1.84858000000E-05
   1.84850700000E-05   1.84843400000E-05   1.84836100000E-05   1.84828800000E-05
   1.84821500000E-05   1.84814200000E-05   1.84806900000E-05   1.84799600000E-05
   1.84792300000E-05   1.84785000000E-05   1.84777700000E-05   1.84770400000E-05
   1.84763100000E-05   1.84755800000E-05   1.84748500000E-05   1.84741200000E-05
   1.84733900000E-05   1.84726600000E-05   1.84719400000E-05   1.84712000000E-05
   1.84697400000E-05   1.84682900000E-05   1.84668300000E-05   1.84653700000E-05
   1.84639200000E-05   1.84624600000E-05   1.84609900000E-05   1.84595400000E-05
   1.84580800000E-05   1.84566200000E-05   1.84544400000E-05   1.84522600000E-05
   1.84500700000E-05   1.84479000000E-05   1.84457100000E-05   1.84435300000E-05
   1.84413500000E-05   1.84391800000E-05   1.84369900000E-05   1.84348200000E-05
   1.84326400000E-05   1.84304700000E-05   1.84282900000E-05   1.84261100000E-05
   1.84239500000E-05   1.84217700000E-05   1.84195900000E-05   1.84174200000E-05
   1.84152600000E-05   1.84130900000E-05   1.84109200000E-05   1.84087400000E-05
   1.84044100000E-05   1.84000800000E-05   1.83957300000E-05   1.83914100000E-05
   1.83870900000E-05   1.83834900000E-05   1.83798800000E-05   1.83762700000E-05
   1.83726800000E-05   1.83690800000E-05   1.83654900000E-05   1.83618900000E-05
   1.83583000000E-05   1.83547200000E-05   1.83511400000E-05   1.83475400000E-05
   1.83439600000E-05   1.83367900000E-05   1.83296500000E-05   1.83225000000E-05
   1.83153600000E-05   1.83082200000E-05   1.83011100000E-05   1.82939800000E-05
   1.82868700000E-05   1.82797700000E-05   1.82726900000E-05   1.82655900000E-05
   1.82585200000E-05   1.82514300000E-05   1.82443800000E-05   1.82373100000E-05
   1.82302700000E-05   1.82232300000E-05   1.82161800000E-05   1.82091500000E-05
   1.82021300000E-05   1.81951100000E-05   1.81880900000E-05   1.81741000000E-05
   1.81601200000E-05   1.81461900000E-05   1.81322700000E-05   1.81183900000E-05
   1.81045300000E-05   1.80907100000E-05   1.80769100000E-05   1.80631400000E-05
   1.80493900000E-05   1.80288200000E-05   1.80083100000E-05   1.79878600000E-05
   1.79675000000E-05   1.79471600000E-05   1.79269000000E-05   1.79066900000E-05
   1.78865600000E-05   1.78664800000E-05   1.78464500000E-05   1.78264900000E-05
   1.78065800000E-05   1.77867400000E-05   1.77669500000E-05   1.77472300000E-05
   1.77275600000E-05   1.77079400000E-05   1.76883900000E-05   1.76688800000E-05
   1.76494400000E-05   1.76300600000E-05   1.76107200000E-05   1.75722300000E-05
   1.75339700000E-05   1.74959100000E-05   1.74580800000E-05   1.74204700000E-05
   1.73892900000E-05   1.73582500000E-05   1.73273700000E-05   1.72966300000E-05
   1.72660300000E-05   1.72355800000E-05   1.72052700000E-05   1.71751000000E-05
   1.71450700000E-05   1.71151800000E-05   1.70854400000E-05   1.70558200000E-05
   1.69970000000E-05   1.69387300000E-05   1.68809800000E-05   1.68237600000E-05
   1.67670500000E-05   1.67108500000E-05   1.66551600000E-05   1.65999600000E-05
   1.65452500000E-05   1.64910300000E-05   1.64372700000E-05   1.63839900000E-05
   1.63311700000E-05   1.62788100000E-05   1.62268800000E-05   1.61754200000E-05
   1.61243900000E-05   1.60737900000E-05   1.60236200000E-05   1.59738700000E-05
   1.59245400000E-05   1.58756200000E-05   1.57790000000E-05   1.56839500000E-05
   1.55904500000E-05   1.54984400000E-05   1.54079100000E-05   1.53188000000E-05
   1.52311000000E-05   1.51447600000E-05   1.50597400000E-05   1.49760300000E-05
   1.48886800000E-05   1.48027100000E-05   1.47181000000E-05   1.46348100000E-05
   1.45528200000E-05   1.44720900000E-05   1.43925800000E-05   1.43142800000E-05
   1.41802200000E-05   1.40496200000E-05   1.39223200000E-05   1.37981900000E-05
   1.36771200000E-05   1.35589900000E-05   1.34436900000E-05   1.33311100000E-05
   1.32393000000E-05   1.31492600000E-05   1.30609400000E-05   1.29742800000E-05
   1.28892300000E-05   1.28057500000E-05   1.27238000000E-05   1.26433300000E-05
   1.24866600000E-05   1.23354400000E-05   1.21893700000E-05   1.20481700000E-05
   1.19372500000E-05   1.18292300000E-05   1.17240100000E-05   1.16214600000E-05
   1.15214800000E-05   1.14239700000E-05   1.13288400000E-05   1.12359900000E-05
   1.11453400000E-05   1.10568000000E-05   1.09703100000E-05   1.08857800000E-05
   1.07223500000E-05   1.05659700000E-05   1.04162000000E-05   1.02725800000E-05
   1.01347200000E-05   1.00022600000E-05   9.87487700000E-06   9.75225700000E-06
   9.63412500000E-06   9.52022700000E-06   9.41031900000E-06   9.30418500000E-06
   9.20161400000E-06   9.10243000000E-06   9.00644400000E-06   8.91350700000E-06
   8.82345600000E-06   8.73614500000E-06   8.65145600000E-06   8.56925800000E-06
   8.48943200000E-06   8.41188100000E-06   8.26315900000E-06   8.12236900000E-06
   7.98883700000E-06   7.86198600000E-06   7.74129300000E-06   7.62629000000E-06
   7.51655900000E-06   7.41172400000E-06   7.31143600000E-06   7.21540000000E-06
   7.07868400000E-06   6.95005100000E-06   6.82875900000E-06   6.71415700000E-06
   6.60568200000E-06   6.50282300000E-06   6.40514200000E-06   6.31222900000E-06
   6.22372700000E-06   6.13932000000E-06   6.05871000000E-06   5.98164300000E-06
   5.90787400000E-06   5.83719100000E-06   5.76939600000E-06   5.70431400000E-06
   5.64176800000E-06   5.58162300000E-06   5.52373100000E-06   5.46796300000E-06
   5.41420900000E-06   5.36235700000E-06   5.26395800000E-06   5.17203800000E-06
   5.08598200000E-06   4.92933700000E-06   4.81248000000E-06   4.70627400000E-06
   4.60936700000E-06   4.52063500000E-06   4.36406600000E-06   4.23060700000E-06
   4.11587500000E-06   4.01656900000E-06   3.93014400000E-06   3.85461000000E-06
   3.78838100000E-06   3.73018100000E-06   3.67896400000E-06   3.63387200000E-06
   3.55929400000E-06   3.50191800000E-06   3.45842300000E-06   3.42631200000E-06
   3.40367000000E-06   3.38901000000E-06   3.37949100000E-06   3.38231900000E-06
   3.39523400000E-06   3.41649300000E-06   3.44473500000E-06   3.47889300000E-06
   3.51811900000E-06   3.56173800000E-06   3.66002800000E-06   3.77033100000E-06
   3.89019500000E-06   4.01779700000E-06   4.12902600000E-06   4.24402300000E-06
   4.36229000000E-06   4.48342100000E-06   4.73297400000E-06   4.99054900000E-06
   5.25460500000E-06   5.52397200000E-06   5.79770600000E-06   6.07507900000E-06
   6.35556200000E-06   6.63874000000E-06   6.92425900000E-06   7.21182600000E-06
   7.79215800000E-06   8.37818900000E-06   8.96881500000E-06   9.56325400000E-06
   1.01607700000E-05   1.07608300000E-05   1.16649900000E-05   1.25732100000E-05
   1.34847200000E-05   1.43989800000E-05   1.53155000000E-05   1.62338800000E-05
   1.71539000000E-05   1.80753500000E-05   1.99218200000E-05   2.17721500000E-05
   2.36255500000E-05   2.54814600000E-05   2.70296200000E-05   2.85789500000E-05
   3.01293400000E-05   3.16806600000E-05   3.47856200000E-05   3.78931400000E-05
   4.10027200000E-05   4.41140200000E-05   4.72267100000E-05   5.03405500000E-05
   5.34553700000E-05   5.65710500000E-05   5.96874800000E-05   6.28045600000E-05
   6.90403700000E-05   7.52780300000E-05   8.15171100000E-05   8.77574200000E-05
   9.39987200000E-05   1.00240800000E-04   1.09605200000E-04   1.18970900000E-04
   1.28337700000E-04   1.37705300000E-04   1.47073700000E-04   1.56442600000E-04
   1.65812100000E-04   1.75182100000E-04   1.93923000000E-04   2.12665300000E-04
   2.31408400000E-04   2.50152400000E-04   2.65772900000E-04   2.81393700000E-04
   2.97014900000E-04   3.12636400000E-04   3.43880100000E-04   3.75124600000E-04
   4.06369800000E-04   4.37615500000E-04   4.68861600000E-04   5.00108300000E-04
   5.31355300000E-04   5.62602200000E-04   5.93849500000E-04   6.25097200000E-04
   6.87592700000E-04   7.50088900000E-04   8.12585800000E-04   8.75082900000E-04
   9.37580500000E-04   1.00007800000E-03   1.06257600000E-03   1.12507500000E-03
   1.18757300000E-03   1.25007100000E-03   1.37506900000E-03   1.50006700000E-03
   1.62506600000E-03   1.75006400000E-03   1.87506300000E-03   2.00006300000E-03
   2.12506200000E-03   2.25006200000E-03   2.37506200000E-03   2.50006200000E-03
   2.62506200000E-03   2.75006300000E-03   2.87506300000E-03   3.00006400000E-03
   3.12506500000E-03   3.25006600000E-03   3.37506700000E-03   3.50006800000E-03
   3.75007100000E-03   4.00007400000E-03   4.25007800000E-03   4.50008100000E-03
   4.75008600000E-03   5.00009000000E-03   5.25009300000E-03   5.50010300000E-03
   5.75010500000E-03   6.00011200000E-03   6.25011900000E-03   6.50012300000E-03
   6.75013400000E-03   7.00014100000E-03   7.50015500000E-03   8.00017200000E-03
   8.50018800000E-03   9.00020600000E-03   9.50022800000E-03   1.00002500000E-02
   1.05002700000E-02   1.10003000000E-02   1.15003200000E-02   1.20003500000E-02
   1.25003700000E-02   1.30004000000E-02   1.35004300000E-02   1.40004600000E-02
   1.50005200000E-02   1.62506000000E-02   1.75006900000E-02   1.87507900000E-02
   2.00009000000E-02   2.12510100000E-02   2.25011200000E-02   2.37512400000E-02
   2.50013700000E-02   2.62515000000E-02   2.75016500000E-02   2.87517900000E-02
   3.00019400000E-02   3.12521000000E-02   3.25022600000E-02   3.37524300000E-02
   3.50026100000E-02   3.75029700000E-02   4.00033600000E-02   4.25037600000E-02
   4.50041900000E-02   4.75046400000E-02   5.00051100000E-02   5.25056000000E-02
   5.50061100000E-02   5.75066400000E-02   6.00071900000E-02   6.25077500000E-02
   6.50083400000E-02   6.75089400000E-02   7.00095600000E-02   7.50108600000E-02
   8.00122100000E-02   8.50136400000E-02   9.00151300000E-02   9.50166900000E-02
   1.00018300000E-01   1.05020000000E-01   1.10021700000E-01   1.15023500000E-01
   1.20025300000E-01   1.25027200000E-01   1.30029200000E-01   1.35031100000E-01
   1.40033200000E-01   1.50037400000E-01   1.60041900000E-01   1.70046600000E-01
   1.80051300000E-01   1.90056300000E-01   2.00061600000E-01   2.10066800000E-01
   2.20072400000E-01   2.30078000000E-01   2.40083900000E-01   2.50089900000E-01
   2.62597500000E-01   2.75105600000E-01   2.87613800000E-01   3.00122400000E-01
   3.12631200000E-01   3.25140200000E-01   3.37649500000E-01   3.50159100000E-01
   3.75179100000E-01   4.00200400000E-01   4.25222800000E-01   4.50246200000E-01
   4.75271100000E-01   5.00297300000E-01   5.50354000000E-01   6.00416500000E-01
   6.50485600000E-01   7.00561600000E-01   7.50644600000E-01   8.00735600000E-01
   8.50834600000E-01   9.00942300000E-01   9.51058800000E-01   1.00118500000E+00
   1.10146600000E+00   1.20178800000E+00   1.30215500000E+00   1.40256800000E+00
   1.50302900000E+00   1.60354100000E+00   1.70410400000E+00   1.80472000000E+00
   1.90539100000E+00   2.00611700000E+00   2.10689900000E+00   2.20773900000E+00
   2.30863600000E+00   2.40959100000E+00   2.51060500000E+00   2.61167700000E+00
   2.71280700000E+00   2.81399500000E+00   2.91524200000E+00   3.01654500000E+00
   3.11790600000E+00   3.21932300000E+00   3.32079600000E+00   3.42232300000E+00
   3.52390500000E+00   3.77808800000E+00   4.03258100000E+00   4.28736700000E+00
   4.54241900000E+00   4.79771100000E+00   5.05321500000E+00   5.30890200000E+00
   5.56473900000E+00   5.82069700000E+00   6.07674000000E+00   6.33283600000E+00
   6.58895400000E+00   6.84505900000E+00   7.10112200000E+00   7.35711000000E+00
   7.61299700000E+00   7.86875300000E+00   8.12435200000E+00   8.37977400000E+00
   8.63499500000E+00   8.88999600000E+00   9.14476300000E+00   9.39928500000E+00
   9.65354800000E+00   9.90754900000E+00   1.01560200000E+01   1.01560300000E+01
   1.06608800000E+01   1.11654500000E+01   1.16697500000E+01   1.21737700000E+01
   1.26775000000E+01   1.31770000000E+01   1.36759100000E+01   1.41742400000E+01
   1.46719800000E+01   1.51691400000E+01   1.56632400000E+01   1.61566100000E+01
   1.66492200000E+01   1.71411000000E+01   1.76322200000E+01   1.81223500000E+01
   1.86117100000E+01   1.91003100000E+01   2.00752500000E+01   2.10526200000E+01
   2.20274800000E+01   2.30061600000E+01   2.39894900000E+01   2.49714000000E+01
   2.59719900000E+01   2.69727200000E+01   2.79837100000E+01   2.90060700000E+01
   3.00300100000E+01   3.10743800000E+01   3.21215600000E+01   3.31796400000E+01
   3.42493800000E+01   3.53229000000E+01   3.64137300000E+01   3.75091000000E+01
   3.86139200000E+01   3.97286100000E+01   4.08483500000E+01   4.19790300000E+01
   4.31150400000E+01   4.42569900000E+01   4.54049100000E+01   4.65582300000E+01
   4.77128400000E+01   4.88726700000E+01   5.00327900000E+01   5.11929200000E+01
   5.23578400000E+01   5.52332700000E+01   5.81332200000E+01   6.09835000000E+01
   6.38518700000E+01   6.66772800000E+01   6.95159000000E+01   7.23230500000E+01
   7.51401000000E+01   8.07518400000E+01   8.63799300000E+01   9.20163400000E+01
   9.76393300000E+01   1.03223100000E+02   1.08738100000E+02                 102
                 204                 444   2.22464800000E+00   0.00000000000E+00
   0.00000000000E+00                   0                   0                   0
                   1                 698                1395                   1
                 695   1.67298500000E+01   1.64744200000E+01   1.62303400000E+01
   1.59968000000E+01   1.57730600000E+01   1.55584500000E+01   1.53523700000E+01
   1.51542600000E+01   1.49636300000E+01   1.47800300000E+01   1.46030100000E+01
   1.44322100000E+01   1.42672700000E+01   1.39536600000E+01   1.36598700000E+01
   1.33838800000E+01   1.31239800000E+01   1.28786500000E+01   1.26465800000E+01
   1.24266200000E+01   1.22177600000E+01   1.20190800000E+01   1.18297900000E+01
   1.15619100000E+01   1.13114400000E+01   1.10765800000E+01   1.08557600000E+01
   1.06476400000E+01   1.04510600000E+01   1.02649700000E+01   1.00884800000E+01
   9.92079300000E+00   9.76119900000E+00   9.60906700000E+00   9.46383400000E+00
   9.32499200000E+00   9.19208800000E+00   9.06470900000E+00   8.94248200000E+00
   8.82507000000E+00   8.71216900000E+00   8.60348900000E+00   8.49877700000E+00
   8.39779800000E+00   8.30033500000E+00   8.11517400000E+00   7.94187600000E+00
   7.77922600000E+00   7.62617700000E+00   7.48182000000E+00   7.36758700000E+00
   7.25843100000E+00   7.15398800000E+00   7.05392700000E+00   6.95795100000E+00
   6.86578900000E+00   6.77719400000E+00   6.69194300000E+00   6.60983000000E+00
   6.53066800000E+00   6.45428300000E+00   6.38051700000E+00   6.24026900000E+00
   6.10888200000E+00   5.98545700000E+00   5.86922400000E+00   5.75950900000E+00
   5.65572500000E+00   5.55735700000E+00   5.46395000000E+00   5.37509900000E+00
   5.29044600000E+00   5.20967100000E+00   5.13248700000E+00   5.05863400000E+00
   4.98788100000E+00   4.92001500000E+00   4.85484600000E+00   4.79220100000E+00
   4.73191900000E+00   4.67385600000E+00   4.61788000000E+00   4.56386800000E+00
   4.51170800000E+00   4.41253700000E+00   4.31963100000E+00   4.23235700000E+00
   4.15016700000E+00   4.07258700000E+00   3.99920100000E+00   3.92964500000E+00
   3.86359600000E+00   3.80076900000E+00   3.74091000000E+00   3.65620000000E+00
   3.57699400000E+00   3.50272300000E+00   3.43289500000E+00   3.36708200000E+00
   3.30491500000E+00   3.24606900000E+00   3.19025900000E+00   3.13723100000E+00
   3.08676300000E+00   3.03865500000E+00   2.99272800000E+00   2.94882300000E+00
   2.90679400000E+00   2.86651400000E+00   2.82786200000E+00   2.79073300000E+00
   2.75502900000E+00   2.72066200000E+00   2.68754900000E+00   2.65561700000E+00
   2.62479600000E+00   2.56624300000E+00   2.51144200000E+00   2.46000700000E+00
   2.41160900000E+00   2.36595900000E+00   2.32983600000E+00   2.29531800000E+00
   2.26229000000E+00   2.23064800000E+00   2.20029800000E+00   2.17115300000E+00
   2.14313700000E+00   2.11617800000E+00   2.09021200000E+00   2.06517900000E+00
   2.04102400000E+00   2.01769700000E+00   1.97334600000E+00   1.93179800000E+00
   1.89276700000E+00   1.85601100000E+00   1.82131600000E+00   1.78849700000E+00
   1.75739000000E+00   1.72785200000E+00   1.69975500000E+00   1.67298600000E+00
   1.64744300000E+00   1.62303500000E+00   1.59968000000E+00   1.57730600000E+00
   1.55584500000E+00   1.53523700000E+00   1.51542700000E+00   1.49636400000E+00
   1.47800300000E+00   1.46030200000E+00   1.44322200000E+00   1.42672700000E+00
   1.39536700000E+00   1.36598700000E+00   1.33838900000E+00   1.31239800000E+00
   1.28786500000E+00   1.26465800000E+00   1.24266300000E+00   1.22177600000E+00
   1.20190900000E+00   1.18298000000E+00   1.15619200000E+00   1.13114500000E+00
   1.10765800000E+00   1.08557700000E+00   1.06476500000E+00   1.04510600000E+00
   1.02649700000E+00   1.00884800000E+00   9.92079700000E-01   9.76120300000E-01
   9.60907100000E-01   9.46383700000E-01   9.32499600000E-01   9.19209100000E-01
   9.06471200000E-01   8.94248500000E-01   8.82507400000E-01   8.71216800000E-01
   8.60348800000E-01   8.49877700000E-01   8.39779700000E-01   8.30033500000E-01
   8.11517400000E-01   7.94187600000E-01   7.77922700000E-01   7.62617800000E-01
   7.48182100000E-01   7.36758800000E-01   7.25843200000E-01   7.15398900000E-01
   7.05392800000E-01   6.95795200000E-01   6.86578900000E-01   6.77719500000E-01
   6.69194400000E-01   6.60983100000E-01   6.53066800000E-01   6.45428400000E-01
   6.38051800000E-01   6.24027000000E-01   6.10888100000E-01   5.98545700000E-01
   5.86922300000E-01   5.75950800000E-01   5.65572500000E-01   5.55735700000E-01
   5.46394900000E-01   5.37509900000E-01   5.29044600000E-01   5.20967100000E-01
   5.13248700000E-01   5.05863400000E-01   4.98788100000E-01   4.92001500000E-01
   4.85484700000E-01   4.79220100000E-01   4.73191900000E-01   4.67385700000E-01
   4.61788100000E-01   4.56386800000E-01   4.51170800000E-01   4.41253800000E-01
   4.31963200000E-01   4.23235800000E-01   4.15016800000E-01   4.07258800000E-01
   3.99920200000E-01   3.92964600000E-01   3.86359700000E-01   3.80077000000E-01
   3.74091100000E-01   3.68045100000E-01   3.62283000000E-01   3.56783300000E-01
   3.51526700000E-01   3.46495900000E-01   3.41675000000E-01   3.37049900000E-01
   3.32607700000E-01   3.25248600000E-01   3.18357500000E-01   3.11886600000E-01
   3.05794800000E-01   3.00046600000E-01   2.94610900000E-01   2.89460200000E-01
   2.84570700000E-01   2.80679900000E-01   2.76944500000E-01   2.73354400000E-01
   2.69900400000E-01   2.66574000000E-01   2.63367700000E-01   2.60274500000E-01
   2.57287700000E-01   2.51610100000E-01   2.46292500000E-01   2.41298400000E-01
   2.36596400000E-01   2.32984000000E-01   2.29532200000E-01   2.26229500000E-01
   2.23065300000E-01   2.20030300000E-01   2.17115800000E-01   2.14314300000E-01
   2.11618400000E-01   2.09021800000E-01   2.06518400000E-01   2.04103000000E-01
   2.01770300000E-01   1.97335300000E-01   1.93180400000E-01   1.89277500000E-01
   1.85601900000E-01   1.82132400000E-01   1.78850500000E-01   1.75739900000E-01
   1.72786100000E-01   1.69976400000E-01   1.67299500000E-01   1.64745200000E-01
   1.62304400000E-01   1.59969000000E-01   1.57731600000E-01   1.55585500000E-01
   1.53524700000E-01   1.51543700000E-01   1.49637400000E-01   1.47801300000E-01
   1.46031200000E-01   1.44323200000E-01   1.42673800000E-01   1.39537700000E-01
   1.36599800000E-01   1.33839900000E-01   1.31240900000E-01   1.28787600000E-01
   1.26466900000E-01   1.24267400000E-01   1.22178700000E-01   1.20191900000E-01
   1.18299100000E-01   1.15620300000E-01   1.13115600000E-01   1.10767000000E-01
   1.08558800000E-01   1.06477700000E-01   1.04511800000E-01   1.02651000000E-01
   1.00886200000E-01   9.92094200000E-02   9.76135700000E-02   9.60923500000E-02
   9.46401200000E-02   9.32518200000E-02   9.19228900000E-02   9.06492300000E-02
   8.94271000000E-02   8.82531100000E-02   8.71242000000E-02   8.60375400000E-02
   8.49905600000E-02   8.39809100000E-02   8.30064100000E-02   8.11550700000E-02
   7.94223400000E-02   7.77960700000E-02   7.48223900000E-02   7.25887600000E-02
   7.05439100000E-02   6.86626800000E-02   6.69243500000E-02   6.38103200000E-02
   6.10941600000E-02   5.86977900000E-02   5.65629300000E-02   5.46451700000E-02
   5.29099900000E-02   5.13300900000E-02   4.98836200000E-02   4.85528300000E-02
   4.73231300000E-02   4.51203700000E-02   4.31993700000E-02   4.15047700000E-02
   3.99951700000E-02   3.86390100000E-02   3.74118300000E-02   3.57720600000E-02
   3.43307700000E-02   3.30511800000E-02   3.19050900000E-02   3.08705100000E-02
   2.99302300000E-02   2.90706500000E-02   2.82809100000E-02   2.68768800000E-02
   2.56632700000E-02   2.46009200000E-02   2.36608500000E-02   2.29546900000E-02
   2.23079700000E-02   2.17127600000E-02   2.11626600000E-02   2.01771800000E-02
   1.93178000000E-02   1.85601700000E-02   1.78859800000E-02   1.72802500000E-02
   1.67314900000E-02   1.62315100000E-02   1.57737400000E-02   1.53526500000E-02
   1.49635800000E-02   1.42666800000E-02   1.36589200000E-02   1.31229900000E-02
   1.26465300000E-02   1.22183100000E-02   1.18296000000E-02   1.13102000000E-02
   1.08541400000E-02   1.04492700000E-02   1.00874200000E-02   9.76069700000E-03
   9.46303900000E-03   9.19096700000E-03   8.94109200000E-03   8.49697400000E-03
   8.11308000000E-03   7.77692900000E-03   7.47988400000E-03   7.25673500000E-03
   7.05193500000E-03   6.86352800000E-03   6.68945500000E-03   6.37766800000E-03
   6.10576000000E-03   5.86589600000E-03   5.65282000000E-03   5.46139700000E-03
   5.28762200000E-03   5.12933000000E-03   4.98442000000E-03   4.85112700000E-03
   4.72797600000E-03   4.50740300000E-03   4.31504800000E-03   4.14536800000E-03
   3.99456400000E-03   3.85910500000E-03   3.73606900000E-03   3.57145600000E-03
   3.42688700000E-03   3.29852200000E-03   3.18375400000E-03   3.08017000000E-03
   2.98586100000E-03   2.89969600000E-03   2.82056600000E-03   2.67993600000E-03
   2.55839500000E-03   2.45198000000E-03   2.35785700000E-03   2.28685400000E-03
   2.22176400000E-03   2.16190200000E-03   2.10660400000E-03   2.00758600000E-03
   1.92126200000E-03   1.84513600000E-03   1.77741700000E-03   1.71661100000E-03
   1.66152500000E-03   1.61095800000E-03   1.56467200000E-03   1.52211400000E-03
   1.48281200000E-03   1.41245900000E-03   1.35115300000E-03   1.29711000000E-03
   1.24903900000E-03   1.20589000000E-03   1.16682800000E-03   1.13085000000E-03
   1.09793100000E-03   1.06767500000E-03   1.03974300000E-03   9.89768200000E-04
   9.46236200000E-04   9.07421300000E-04   8.72914000000E-04   8.41970100000E-04
   8.13993000000E-04   7.88264800000E-04   7.64746000000E-04   7.43145600000E-04
   7.23212300000E-04   7.04541000000E-04   6.87182200000E-04   6.70995100000E-04
   6.55849800000E-04   6.41490300000E-04   6.27985700000E-04   6.15259500000E-04
   6.03245400000E-04   5.80852500000E-04   5.60642600000E-04   5.42108600000E-04
   5.25189900000E-04   5.09515800000E-04   4.95096900000E-04   4.82861800000E-04
   4.70667300000E-04   4.58472600000E-04   4.46331000000E-04   4.36734400000E-04
   4.27190500000E-04   4.17646500000E-04   4.08141300000E-04   3.92621500000E-04
   3.77170200000E-04   3.64248200000E-04   3.51379500000E-04   3.40398500000E-04
   3.29460100000E-04   3.19975900000E-04   3.10526600000E-04   3.02226500000E-04
   2.93955800000E-04   2.86612400000E-04   2.79293900000E-04   2.72737100000E-04
   2.66201700000E-04   2.54424700000E-04   2.41934000000E-04   2.29473700000E-04
   2.19387300000E-04   2.09329800000E-04   2.00982200000E-04   1.92657300000E-04
   1.85613700000E-04   1.78588100000E-04   1.72552700000E-04   1.66532100000E-04
   1.61295300000E-04   1.56071000000E-04   1.51480000000E-04   1.46899500000E-04
   1.42839200000E-04   1.38788100000E-04   1.31560300000E-04   1.25078200000E-04
   1.19231700000E-04   1.13932300000E-04   1.09107400000E-04   1.04697800000E-04
   1.00810000000E-04   9.69286100000E-05   9.36156500000E-05   9.03090500000E-05
   8.74572000000E-05   8.46107100000E-05   8.21339600000E-05   7.96617500000E-05
   7.53307200000E-05   7.15153200000E-05   6.81345600000E-05   6.51235300000E-05
   6.24295200000E-05   6.00097200000E-05   5.79302200000E-05   5.58536800000E-05
   5.41416600000E-05   5.24324800000E-05   5.10086100000E-05   4.95870800000E-05
   4.83926100000E-05   4.72000900000E-05   4.51832500000E-05   4.34689800000E-05
   4.20047200000E-05   4.07490000000E-05   3.96686400000E-05   3.87368900000E-05
   3.79319000000E-05   3.72356400000E-05   3.66331800000E-05   3.61120100000E-05
   3.56617200000E-05   3.52254200000E-05   3.47898200000E-05   3.44944000000E-05
   3.41996500000E-05   3.40078900000E-05   3.38166400000E-05   3.37019400000E-05
   3.35876500000E-05   3.34740600000E-05   3.34472500000E-05   3.34856300000E-05
   3.35727600000E-05   3.36959300000E-05   3.38452400000E-05   3.41928600000E-05
   3.45711700000E-05   3.49524000000E-05   3.53192100000E-05   3.56611700000E-05
   3.59722600000E-05   3.62495600000E-05   3.64921200000E-05   3.67003000000E-05
   3.68753500000E-05   3.71336300000E-05   3.72841300000E-05   3.73450200000E-05
   3.73333600000E-05   3.72641900000E-05   3.71503300000E-05   3.70024500000E-05
   3.68292700000E-05   3.66378400000E-05   3.64337900000E-05   3.62216200000E-05
   3.60048200000E-05   3.57861300000E-05   3.55676900000E-05   3.53510900000E-05
   3.51375500000E-05   3.49279600000E-05   3.47229700000E-05   3.45230000000E-05
   3.43283400000E-05   3.41391300000E-05   3.39554500000E-05   3.37772500000E-05
   3.36045000000E-05   3.34370700000E-05   3.30407000000E-05   3.26737500000E-05
   3.23330700000E-05   3.20154500000E-05   3.17178700000E-05   3.14375400000E-05
   3.11719200000E-05   3.09187700000E-05   3.06760900000E-05   3.04421400000E-05
   3.02154000000E-05   2.99945500000E-05   2.97784500000E-05   2.95661100000E-05
   2.93567000000E-05   2.91495100000E-05   2.89439300000E-05   2.87394600000E-05
   2.85356900000E-05   2.83322700000E-05   2.81289400000E-05   2.79254800000E-05
   2.77217400000E-05   2.75176100000E-05   2.73130100000E-05   2.71079200000E-05
   2.55140000000E-05   2.51148000000E-05   2.47400000000E-05   2.44099100000E-05
   2.40980000000E-05   2.37968200000E-05   2.35110000000E-05   2.32040200000E-05
   2.29120000000E-05   2.26027800000E-05   2.23080000000E-05   2.20042100000E-05
   2.17140000000E-05   2.14222700000E-05   2.11430000000E-05   2.08704800000E-05
   2.06090000000E-05   2.03581900000E-05   2.01170000000E-05   1.96680000000E-05
   1.92570000000E-05   1.88760000000E-05   1.85140000000E-05   1.81620000000E-05
   1.78230000000E-05   1.74960000000E-05   1.71840000000E-05   1.68850000000E-05
   1.66000000000E-05   1.63280000000E-05   1.60690000000E-05   1.58220000000E-05
   1.55850000000E-05   1.53560000000E-05   1.51350000000E-05   1.49220000000E-05
   1.47170000000E-05   1.45200000000E-05   1.43300000000E-05   1.41470000000E-05
   1.39710000000E-05   1.38010000000E-05   1.36380000000E-05   1.34810000000E-05
   1.33300000000E-05   1.31850000000E-05   1.30460000000E-05   1.29120000000E-05
   1.27820000000E-05   1.26580000000E-05   1.23713100000E-05   1.21040000000E-05
   1.18667700000E-05   1.16440000000E-05   1.14507000000E-05   1.12680000000E-05
   1.11126600000E-05   1.09650000000E-05   1.06210000000E-05   1.03065400000E-05
   1.00196300000E-05   9.75644700000E-06   9.51386200000E-06   9.28930000000E-06
                   1                 695   1.67298500000E+01   1.64744200000E+01
   1.62303400000E+01   1.59968000000E+01   1.57730600000E+01   1.55584500000E+01
   1.53523700000E+01   1.51542600000E+01   1.49636300000E+01   1.47800300000E+01
   1.46030100000E+01   1.44322100000E+01   1.42672700000E+01   1.39536600000E+01
   1.36598700000E+01   1.33838800000E+01   1.31239800000E+01   1.28786500000E+01
   1.26465800000E+01   1.24266200000E+01   1.22177600000E+01   1.20190800000E+01
   1.18297900000E+01   1.15619100000E+01   1.13114400000E+01   1.10765800000E+01
   1.08557600000E+01   1.06476400000E+01   1.04510600000E+01   1.02649700000E+01
   1.00884800000E+01   9.92079300000E+00   9.76119900000E+00   9.60906700000E+00
   9.46383400000E+00   9.32499200000E+00   9.19208800000E+00   9.06470900000E+00
   8.94248200000E+00   8.82507000000E+00   8.71216900000E+00   8.60348900000E+00
   8.49877700000E+00   8.39779800000E+00   8.30033500000E+00   8.11517400000E+00
   7.94187600000E+00   7.77922600000E+00   7.62617700000E+00   7.48182000000E+00
   7.36758700000E+00   7.25843100000E+00   7.15398800000E+00   7.05392700000E+00
   6.95795100000E+00   6.86578900000E+00   6.77719400000E+00   6.69194300000E+00
   6.60983000000E+00   6.53066800000E+00   6.45428300000E+00   6.38051700000E+00
   6.24026900000E+00   6.10888200000E+00   5.98545700000E+00   5.86922400000E+00
   5.75950900000E+00   5.65572500000E+00   5.55735700000E+00   5.46395000000E+00
   5.37509900000E+00   5.29044600000E+00   5.20967100000E+00   5.13248700000E+00
   5.05863400000E+00   4.98788100000E+00   4.92001500000E+00   4.85484600000E+00
   4.79220100000E+00   4.73191900000E+00   4.67385600000E+00   4.61788000000E+00
   4.56386800000E+00   4.51170800000E+00   4.41253700000E+00   4.31963100000E+00
   4.23235700000E+00   4.15016700000E+00   4.07258700000E+00   3.99920100000E+00
   3.92964500000E+00   3.86359600000E+00   3.80076900000E+00   3.74091000000E+00
   3.65620000000E+00   3.57699400000E+00   3.50272300000E+00   3.43289500000E+00
   3.36708200000E+00   3.30491500000E+00   3.24606900000E+00   3.19025900000E+00
   3.13723100000E+00   3.08676300000E+00   3.03865500000E+00   2.99272800000E+00
   2.94882300000E+00   2.90679400000E+00   2.86651400000E+00   2.82786200000E+00
   2.79073300000E+00   2.75502900000E+00   2.72066200000E+00   2.68754900000E+00
   2.65561700000E+00   2.62479600000E+00   2.56624300000E+00   2.51144200000E+00
   2.46000700000E+00   2.41160900000E+00   2.36595900000E+00   2.32983600000E+00
   2.29531800000E+00   2.26229000000E+00   2.23064800000E+00   2.20029800000E+00
   2.17115300000E+00   2.14313700000E+00   2.11617800000E+00   2.09021200000E+00
   2.06517900000E+00   2.04102400000E+00   2.01769700000E+00   1.97334600000E+00
   1.93179800000E+00   1.89276700000E+00   1.85601100000E+00   1.82131600000E+00
   1.78849700000E+00   1.75739000000E+00   1.72785200000E+00   1.69975500000E+00
   1.67298600000E+00   1.64744300000E+00   1.62303500000E+00   1.59968000000E+00
   1.57730600000E+00   1.55584500000E+00   1.53523700000E+00   1.51542700000E+00
   1.49636400000E+00   1.47800300000E+00   1.46030200000E+00   1.44322200000E+00
   1.42672700000E+00   1.39536700000E+00   1.36598700000E+00   1.33838900000E+00
   1.31239800000E+00   1.28786500000E+00   1.26465800000E+00   1.24266300000E+00
   1.22177600000E+00   1.20190900000E+00   1.18298000000E+00   1.15619200000E+00
   1.13114500000E+00   1.10765800000E+00   1.08557700000E+00   1.06476500000E+00
   1.04510600000E+00   1.02649700000E+00   1.00884800000E+00   9.92079700000E-01
   9.76120300000E-01   9.60907100000E-01   9.46383700000E-01   9.32499600000E-01
   9.19209100000E-01   9.06471200000E-01   8.94248500000E-01   8.82507400000E-01
   8.71216800000E-01   8.60348800000E-01   8.49877700000E-01   8.39779700000E-01
   8.30033500000E-01   8.11517400000E-01   7.94187600000E-01   7.77922700000E-01
   7.62617800000E-01   7.48182100000E-01   7.36758800000E-01   7.25843200000E-01
   7.15398900000E-01   7.05392800000E-01   6.95795200000E-01   6.86578900000E-01
   6.77719500000E-01   6.69194400000E-01   6.60983100000E-01   6.53066800000E-01
   6.45428400000E-01   6.38051800000E-01   6.24027000000E-01   6.10888100000E-01
   5.98545700000E-01   5.86922300000E-01   5.75950800000E-01   5.65572500000E-01
   5.55735700000E-01   5.46394900000E-01   5.37509900000E-01   5.29044600000E-01
   5.20967100000E-01   5.13248700000E-01   5.05863400000E-01   4.98788100000E-01
   4.92001500000E-01   4.85484700000E-01   4.79220100000E-01   4.73191900000E-01
   4.67385700000E-01   4.61788100000E-01   4.56386800000E-01   4.51170800000E-01
   4.41253800000E-01   4.31963200000E-01   4.23235800000E-01   4.15016800000E-01
   4.07258800000E-01   3.99920200000E-01   3.92964600000E-01   3.86359700000E-01
   3.80077000000E-01   3.74091100000E-01   3.68045100000E-01   3.62283000000E-01
   3.56783300000E-01   3.51526700000E-01   3.46495900000E-01   3.41675000000E-01
   3.37049900000E-01   3.32607700000E-01   3.25248600000E-01   3.18357500000E-01
   3.11886600000E-01   3.05794800000E-01   3.00046600000E-01   2.94610900000E-01
   2.89460200000E-01   2.84570700000E-01   2.80679900000E-01   2.76944500000E-01
   2.73354400000E-01   2.69900400000E-01   2.66574000000E-01   2.63367700000E-01
   2.60274500000E-01   2.57287700000E-01   2.51610100000E-01   2.46292500000E-01
   2.41298400000E-01   2.36596400000E-01   2.32984000000E-01   2.29532200000E-01
   2.26229500000E-01   2.23065300000E-01   2.20030300000E-01   2.17115800000E-01
   2.14314300000E-01   2.11618400000E-01   2.09021800000E-01   2.06518400000E-01
   2.04103000000E-01   2.01770300000E-01   1.97335300000E-01   1.93180400000E-01
   1.89277500000E-01   1.85601900000E-01   1.82132400000E-01   1.78850500000E-01
   1.75739900000E-01   1.72786100000E-01   1.69976400000E-01   1.67299500000E-01
   1.64745200000E-01   1.62304400000E-01   1.59969000000E-01   1.57731600000E-01
   1.55585500000E-01   1.53524700000E-01   1.51543700000E-01   1.49637400000E-01
   1.47801300000E-01   1.46031200000E-01   1.44323200000E-01   1.42673800000E-01
   1.39537700000E-01   1.36599800000E-01   1.33839900000E-01   1.31240900000E-01
   1.28787600000E-01   1.26466900000E-01   1.24267400000E-01   1.22178700000E-01
   1.20191900000E-01   1.18299100000E-01   1.15620300000E-01   1.13115600000E-01
   1.10767000000E-01   1.08558800000E-01   1.06477700000E-01   1.04511800000E-01
   1.02651000000E-01   1.00886200000E-01   9.92094200000E-02   9.76135700000E-02
   9.60923500000E-02   9.46401200000E-02   9.32518200000E-02   9.19228900000E-02
   9.06492300000E-02   8.94271000000E-02   8.82531100000E-02   8.71242000000E-02
   8.60375400000E-02   8.49905600000E-02   8.39809100000E-02   8.30064100000E-02
   8.11550700000E-02   7.94223400000E-02   7.77960700000E-02   7.48223900000E-02
   7.25887600000E-02   7.05439100000E-02   6.86626800000E-02   6.69243500000E-02
   6.38103200000E-02   6.10941600000E-02   5.86977900000E-02   5.65629300000E-02
   5.46451700000E-02   5.29099900000E-02   5.13300900000E-02   4.98836200000E-02
   4.85528300000E-02   4.73231300000E-02   4.51203700000E-02   4.31993700000E-02
   4.15047700000E-02   3.99951700000E-02   3.86390100000E-02   3.74118300000E-02
   3.57720600000E-02   3.43307700000E-02   3.30511800000E-02   3.19050900000E-02
   3.08705100000E-02   2.99302300000E-02   2.90706500000E-02   2.82809100000E-02
   2.68768800000E-02   2.56632700000E-02   2.46009200000E-02   2.36608500000E-02
   2.29546900000E-02   2.23079700000E-02   2.17127600000E-02   2.11626600000E-02
   2.01771800000E-02   1.93178000000E-02   1.85601700000E-02   1.78859800000E-02
   1.72802500000E-02   1.67314900000E-02   1.62315100000E-02   1.57737400000E-02
   1.53526500000E-02   1.49635800000E-02   1.42666800000E-02   1.36589200000E-02
   1.31229900000E-02   1.26465300000E-02   1.22183100000E-02   1.18296000000E-02
   1.13102000000E-02   1.08541400000E-02   1.04492700000E-02   1.00874200000E-02
   9.76069700000E-03   9.46303900000E-03   9.19096700000E-03   8.94109200000E-03
   8.49697400000E-03   8.11308000000E-03   7.77692900000E-03   7.47988400000E-03
   7.25673500000E-03   7.05193500000E-03   6.86352800000E-03   6.68945500000E-03
   6.37766800000E-03   6.10576000000E-03   5.86589600000E-03   5.65282000000E-03
   5.46139700000E-03   5.28762200000E-03   5.12933000000E-03   4.98442000000E-03
   4.85112700000E-03   4.72797600000E-03   4.50740300000E-03   4.31504800000E-03
   4.14536800000E-03   3.99456400000E-03   3.85910500000E-03   3.73606900000E-03
   3.57145600000E-03   3.42688700000E-03   3.29852200000E-03   3.18375400000E-03
   3.08017000000E-03   2.98586100000E-03   2.89969600000E-03   2.82056600000E-03
   2.67993600000E-03   2.55839500000E-03   2.45198000000E-03   2.35785700000E-03
   2.28685400000E-03   2.22176400000E-03   2.16190200000E-03   2.10660400000E-03
   2.00758600000E-03   1.92126200000E-03   1.84513600000E-03   1.77741700000E-03
   1.71661100000E-03   1.66152500000E-03   1.61095800000E-03   1.56467200000E-03
   1.52211400000E-03   1.48281200000E-03   1.41245900000E-03   1.35115300000E-03
   1.29711000000E-03   1.24903900000E-03   1.20589000000E-03   1.16682800000E-03
   1.13085000000E-03   1.09793100000E-03   1.06767500000E-03   1.03974300000E-03
   9.89768200000E-04   9.46236200000E-04   9.07421300000E-04   8.72914000000E-04
   8.41970100000E-04   8.13993000000E-04   7.88264800000E-04   7.64746000000E-04
   7.43145600000E-04   7.23212300000E-04   7.04541000000E-04   6.87182200000E-04
   6.70995100000E-04   6.55849800000E-04   6.41490300000E-04   6.27985700000E-04
   6.15259500000E-04   6.03245400000E-04   5.80852500000E-04   5.60642600000E-04
   5.42108600000E-04   5.25189900000E-04   5.09515800000E-04   4.95096900000E-04
   4.82861800000E-04   4.70667300000E-04   4.58472600000E-04   4.46331000000E-04
   4.36734400000E-04   4.27190500000E-04   4.17646500000E-04   4.08141300000E-04
   3.92621500000E-04   3.77170200000E-04   3.64248200000E-04   3.51379500000E-04
   3.40398500000E-04   3.29460100000E-04   3.19975900000E-04   3.10526600000E-04
   3.02226500000E-04   2.93955800000E-04   2.86612400000E-04   2.79293900000E-04
   2.72737100000E-04   2.66201700000E-04   2.54424700000E-04   2.41934000000E-04
   2.29473700000E-04   2.19387300000E-04   2.09329800000E-04   2.00982200000E-04
   1.92657300000E-04   1.85613700000E-04   1.78588100000E-04   1.72552700000E-04
   1.66532100000E-04   1.61295300000E-04   1.56071000000E-04   1.51480000000E-04
   1.46899500000E-04   1.42839200000E-04   1.38788100000E-04   1.31560300000E-04
   1.25078200000E-04   1.19231700000E-04   1.13932300000E-04   1.09107400000E-04
   1.04697800000E-04   1.00810000000E-04   9.69286100000E-05   9.36156500000E-05
   9.03090500000E-05   8.74572000000E-05   8.46107100000E-05   8.21339600000E-05
   7.96617500000E-05   7.53307200000E-05   7.15153200000E-05   6.81345600000E-05
   6.51235300000E-05   6.24295200000E-05   6.00097200000E-05   5.79302200000E-05
   5.58536800000E-05   5.41416600000E-05   5.24324800000E-05   5.10086100000E-05
   4.95870800000E-05   4.83926100000E-05   4.72000900000E-05   4.51832500000E-05
   4.34689800000E-05   4.20047200000E-05   4.07490000000E-05   3.96686400000E-05
   3.87368900000E-05   3.79319000000E-05   3.72356400000E-05   3.66331800000E-05
   3.61120100000E-05   3.56617200000E-05   3.52254200000E-05   3.47898200000E-05
   3.44944000000E-05   3.41996500000E-05   3.40078900000E-05   3.38166400000E-05
   3.37019400000E-05   3.35876500000E-05   3.34740600000E-05   3.34472500000E-05
   3.34856300000E-05   3.35727600000E-05   3.36959300000E-05   3.38452400000E-05
   3.41928600000E-05   3.45711700000E-05   3.49524000000E-05   3.53192100000E-05
   3.56611700000E-05   3.59722600000E-05   3.62495600000E-05   3.64921200000E-05
   3.67003000000E-05   3.68753500000E-05   3.71336300000E-05   3.72841300000E-05
   3.73450200000E-05   3.73333600000E-05   3.72641900000E-05   3.71503300000E-05
   3.70024500000E-05   3.68292700000E-05   3.66378400000E-05   3.64337900000E-05
   3.62216200000E-05   3.60048200000E-05   3.57861300000E-05   3.55676900000E-05
   3.53510900000E-05   3.51375500000E-05   3.49279600000E-05   3.47229700000E-05
   3.45230000000E-05   3.43283400000E-05   3.41391300000E-05   3.39554500000E-05
   3.37772500000E-05   3.36045000000E-05   3.34370700000E-05   3.30407000000E-05
   3.26737500000E-05   3.23330700000E-05   3.20154500000E-05   3.17178700000E-05
   3.14375400000E-05   3.11719200000E-05   3.09187700000E-05   3.06760900000E-05
   3.04421400000E-05   3.02154000000E-05   2.99945500000E-05   2.97784500000E-05
   2.95661100000E-05   2.93567000000E-05   2.91495100000E-05   2.89439300000E-05
   2.87394600000E-05   2.85356900000E-05   2.83322700000E-05   2.81289400000E-05
   2.79254800000E-05   2.77217400000E-05   2.75176100000E-05   2.73130100000E-05
   2.71079200000E-05   2.55140000000E-05   2.51148000000E-05   2.47400000000E-05
   2.44099100000E-05   2.40980000000E-05   2.37968200000E-05   2.35110000000E-05
   2.32040200000E-05   2.29120000000E-05   2.26027800000E-05   2.23080000000E-05
   2.20042100000E-05   2.17140000000E-05   2.14222700000E-05   2.11430000000E-05
   2.08704800000E-05   2.06090000000E-05   2.03581900000E-05   2.01170000000E-05
   1.96680000000E-05   1.92570000000E-05   1.88760000000E-05   1.85140000000E-05
   1.81620000000E-05   1.78230000000E-05   1.74960000000E-05   1.71840000000E-05
   1.68850000000E-05   1.66000000000E-05   1.63280000000E-05   1.60690000000E-05
   1.58220000000E-05   1.55850000000E-05   1.53560000000E-05   1.51350000000E-05
   1.49220000000E-05   1.47170000000E-05   1.45200000000E-05   1.43300000000E-05
   1.41470000000E-05   1.39710000000E-05   1.38010000000E-05   1.36380000000E-05
   1.34810000000E-05   1.33300000000E-05   1.31850000000E-05   1.30460000000E-05
   1.29120000000E-05   1.27820000000E-05   1.26580000000E-05   1.23713100000E-05
   1.21040000000E-05   1.18667700000E-05   1.16440000000E-05   1.14507000000E-05
   1.12680000000E-05   1.11126600000E-05   1.09650000000E-05   1.06210000000E-05
   1.03065400000E-05   1.00196300000E-05   9.75644700000E-06   9.51386200000E-06
   9.28930000000E-06                   1                 695   8.78798000000E-03
   8.65380600000E-03   8.52559400000E-03   8.40291800000E-03   8.28539000000E-03
   8.17265800000E-03   8.06440700000E-03   7.96034200000E-03   7.86020700000E-03
   7.76376400000E-03   7.67077800000E-03   7.58105900000E-03   7.49441800000E-03
   7.32968200000E-03   7.17535800000E-03   7.03038400000E-03   6.89386200000E-03
   6.76499300000E-03   6.64309000000E-03   6.52754700000E-03   6.41783600000E-03
   6.31347200000E-03   6.21404000000E-03   6.07332600000E-03   5.94175700000E-03
   5.81838800000E-03   5.70239400000E-03   5.59307200000E-03   5.48981100000E-03
   5.39206000000E-03   5.29935200000E-03   5.21126800000E-03   5.12743500000E-03
   5.04752200000E-03   4.97123300000E-03   4.89830100000E-03   4.82848800000E-03
   4.76157800000E-03   4.69737400000E-03   4.63569800000E-03   4.57639300000E-03
   4.51930500000E-03   4.46430100000E-03   4.41125800000E-03   4.36006200000E-03
   4.26279900000E-03   4.17176800000E-03   4.08633000000E-03   4.00593500000E-03
   3.93010600000E-03   3.87010100000E-03   3.81276300000E-03   3.75790000000E-03
   3.70533900000E-03   3.65492400000E-03   3.60651300000E-03   3.55997500000E-03
   3.51519400000E-03   3.47206100000E-03   3.43047800000E-03   3.39035400000E-03
   3.35160500000E-03   3.27793500000E-03   3.20891900000E-03   3.14408500000E-03
   3.08303000000E-03   3.02539800000E-03   2.97088100000E-03   2.91921000000E-03
   2.87014400000E-03   2.82347200000E-03   2.77900500000E-03   2.73657500000E-03
   2.69603100000E-03   2.65723700000E-03   2.62007100000E-03   2.58442200000E-03
   2.55019000000E-03   2.51728300000E-03   2.48561800000E-03   2.45511800000E-03
   2.42571400000E-03   2.39734300000E-03   2.36994400000E-03   2.31785000000E-03
   2.26904800000E-03   2.22320400000E-03   2.18003100000E-03   2.13927900000E-03
   2.10073000000E-03   2.06419300000E-03   2.02949900000E-03   1.99649600000E-03
   1.96505300000E-03   1.92055600000E-03   1.87895000000E-03   1.83993600000E-03
   1.80325700000E-03   1.76868600000E-03   1.73603000000E-03   1.70511900000E-03
   1.67580300000E-03   1.64794800000E-03   1.62143800000E-03   1.59616700000E-03
   1.57204300000E-03   1.54898000000E-03   1.52690200000E-03   1.50574400000E-03
   1.48544100000E-03   1.46593700000E-03   1.44718200000E-03   1.42913000000E-03
   1.41173600000E-03   1.39496200000E-03   1.37877200000E-03   1.34801500000E-03
   1.31922900000E-03   1.29221100000E-03   1.26678800000E-03   1.24280900000E-03
   1.22383400000E-03   1.20570200000E-03   1.18835300000E-03   1.17173200000E-03
   1.15578900000E-03   1.14048000000E-03   1.12576300000E-03   1.11160200000E-03
   1.09796200000E-03   1.08481300000E-03   1.07212400000E-03   1.05987100000E-03
   1.03657400000E-03   1.01474900000E-03   9.94246900000E-04   9.74939400000E-04
   9.56714600000E-04   9.39475200000E-04   9.23135100000E-04   9.07619100000E-04
   8.92860100000E-04   8.78798700000E-04   8.65381300000E-04   8.52560100000E-04
   8.40292000000E-04   8.28539200000E-04   8.17266000000E-04   8.06440900000E-04
   7.96035000000E-04   7.86021400000E-04   7.76376600000E-04   7.67078500000E-04
   7.58106600000E-04   7.49442000000E-04   7.32969000000E-04   7.17536000000E-04
   7.03039200000E-04   6.89386400000E-04   6.76499600000E-04   6.64309200000E-04
   6.52755500000E-04   6.41783800000E-04   6.31348000000E-04   6.21404800000E-04
   6.07333400000E-04   5.94176500000E-04   5.81839100000E-04   5.70240300000E-04
   5.59308000000E-04   5.48981400000E-04   5.39206300000E-04   5.29935500000E-04
   5.21127300000E-04   5.12744100000E-04   5.04752800000E-04   4.97123800000E-04
   4.89830700000E-04   4.82849300000E-04   4.76158300000E-04   4.69737900000E-04
   4.63570400000E-04   4.57639600000E-04   4.51930800000E-04   4.46430500000E-04
   4.41126100000E-04   4.36006600000E-04   4.26280300000E-04   4.17177200000E-04
   4.08633400000E-04   4.00594000000E-04   3.93011100000E-04   3.87010600000E-04
   3.81276700000E-04   3.75790500000E-04   3.70534400000E-04   3.65492900000E-04
   3.60651700000E-04   3.55998000000E-04   3.51519900000E-04   3.47206600000E-04
   3.43048300000E-04   3.39035900000E-04   3.35161100000E-04   3.27794000000E-04
   3.20892400000E-04   3.14409100000E-04   3.08303400000E-04   3.02540300000E-04
   2.97088700000E-04   2.91921500000E-04   2.87015000000E-04   2.82347800000E-04
   2.77901100000E-04   2.73658100000E-04   2.69603700000E-04   2.65724300000E-04
   2.62007800000E-04   2.58442800000E-04   2.55019700000E-04   2.51729000000E-04
   2.48562400000E-04   2.45512500000E-04   2.42572200000E-04   2.39734900000E-04
   2.36995100000E-04   2.31785800000E-04   2.26905600000E-04   2.22321200000E-04
   2.18003900000E-04   2.13928700000E-04   2.10073800000E-04   2.06420200000E-04
   2.02950700000E-04   1.99650500000E-04   1.96506200000E-04   1.93330300000E-04
   1.90303600000E-04   1.87414700000E-04   1.84653500000E-04   1.82010900000E-04
   1.79478500000E-04   1.77049000000E-04   1.74715600000E-04   1.70850000000E-04
   1.67230200000E-04   1.63831100000E-04   1.60631200000E-04   1.57611800000E-04
   1.54756500000E-04   1.52050900000E-04   1.49482500000E-04   1.47438700000E-04
   1.45476600000E-04   1.43590800000E-04   1.41776500000E-04   1.40029200000E-04
   1.38344900000E-04   1.36720100000E-04   1.35151200000E-04   1.32168900000E-04
   1.29375600000E-04   1.26752300000E-04   1.24282400000E-04   1.22384900000E-04
   1.20571800000E-04   1.18836900000E-04   1.17174800000E-04   1.15580600000E-04
   1.14049700000E-04   1.12578100000E-04   1.11162000000E-04   1.09798000000E-04
   1.08483000000E-04   1.07214300000E-04   1.05989000000E-04   1.03659300000E-04
   1.01476900000E-04   9.94267600000E-05   9.74960400000E-05   9.56735900000E-05
   9.39496800000E-05   9.23157500000E-05   9.07641900000E-05   8.92883200000E-05
   8.78822100000E-05   8.65404900000E-05   8.52584000000E-05   8.40316700000E-05
   8.28564200000E-05   8.17291300000E-05   8.06466500000E-05   7.96060800000E-05
   7.86047500000E-05   7.76403000000E-05   7.67105100000E-05   7.58133400000E-05
   7.49469600000E-05   7.32996600000E-05   7.17564600000E-05   7.03067700000E-05
   6.89415900000E-05   6.76529500000E-05   6.64339600000E-05   6.52786400000E-05
   6.41815100000E-05   6.31379100000E-05   6.21436900000E-05   6.07366100000E-05
   5.94209900000E-05   5.81873500000E-05   5.70274700000E-05   5.59343500000E-05
   5.49017500000E-05   5.39243500000E-05   5.29973700000E-05   5.21166300000E-05
   5.12784100000E-05   5.04793800000E-05   4.97165900000E-05   4.89873800000E-05
   4.82893600000E-05   4.76203700000E-05   4.69784500000E-05   4.63618200000E-05
   4.57688600000E-05   4.51981000000E-05   4.46481800000E-05   4.41178600000E-05
   4.36060200000E-05   4.26336200000E-05   4.17235200000E-05   4.08693400000E-05
   3.93074700000E-05   3.81343000000E-05   3.70602900000E-05   3.60722300000E-05
   3.51592200000E-05   3.35236900000E-05   3.20971500000E-05   3.08385700000E-05
   2.97173600000E-05   2.87101800000E-05   2.77989000000E-05   2.69691800000E-05
   2.62095500000E-05   2.55106700000E-05   2.48649000000E-05   2.37081400000E-05
   2.26993700000E-05   2.18095200000E-05   2.10168300000E-05   2.03047300000E-05
   1.96603700000E-05   1.87994100000E-05   1.80426900000E-05   1.73708900000E-05
   1.67692000000E-05   1.62260800000E-05   1.57324800000E-05   1.52812700000E-05
   1.48667300000E-05   1.41297900000E-05   1.34928500000E-05   1.29353400000E-05
   1.24420400000E-05   1.20715100000E-05   1.17321900000E-05   1.14199200000E-05
   1.11313400000E-05   1.06144000000E-05   1.01636700000E-05   9.76635800000E-06
   9.41285300000E-06   9.09528600000E-06   8.80762400000E-06   8.54556600000E-06
   8.30566400000E-06   8.08501400000E-06   7.88117000000E-06   7.51611600000E-06
   7.19784100000E-06   6.91725800000E-06   6.66787900000E-06   6.44380800000E-06
   6.24045900000E-06   5.96882900000E-06   5.73042100000E-06   1.87545500000E-05
   3.93061900000E-05   6.34823600000E-05   8.47312400000E-05   1.04679500000E-04
   1.23260600000E-04   1.61788300000E-04   2.00917800000E-04   2.32950200000E-04
   2.62113000000E-04   2.87748700000E-04   3.13184000000E-04   3.38314000000E-04
   3.60289000000E-04   4.03299700000E-04   4.48728800000E-04   4.88175300000E-04
   5.27062700000E-04   5.65371100000E-04   6.08919700000E-04   6.46055900000E-04
   6.82854400000E-04   7.19143800000E-04   7.54860400000E-04   8.24992900000E-04
   8.93356100000E-04   9.59563600000E-04   1.01988400000E-03   1.08262700000E-03
   1.14369000000E-03   1.23466300000E-03   1.32261400000E-03   1.40488800000E-03
   1.48591200000E-03   1.56730400000E-03   1.64549600000E-03   1.72085500000E-03
   1.79324300000E-03   1.93693000000E-03   2.07062900000E-03   2.20143300000E-03
   2.32572700000E-03   2.42348500000E-03   2.52005600000E-03   2.61486600000E-03
   2.70513100000E-03   2.87806200000E-03   3.04276700000E-03   3.19720200000E-03
   3.34298100000E-03   3.48253600000E-03   3.61754800000E-03   3.74210100000E-03
   3.86302600000E-03   3.97855900000E-03   4.08937300000E-03   4.29895300000E-03
   4.49161700000E-03   4.67111700000E-03   4.83719800000E-03   4.99255000000E-03
   5.14145000000E-03   5.27609900000E-03   5.40562500000E-03   5.52758000000E-03
   5.64200200000E-03   5.85451400000E-03   6.04892000000E-03   6.22326000000E-03
   6.38167900000E-03   6.52782600000E-03   6.66472400000E-03   6.78619100000E-03
   6.90175600000E-03   7.00869000000E-03   7.10984100000E-03   7.19974600000E-03
   7.28934000000E-03   7.36874700000E-03   7.44787200000E-03   7.51681500000E-03
   7.58551100000E-03   7.64958200000E-03   7.71050200000E-03   7.81856800000E-03
   7.91944900000E-03   8.00574500000E-03   8.08815700000E-03   8.15790300000E-03
   8.22584000000E-03   8.28283500000E-03   8.33934900000E-03   8.38610800000E-03
   8.43245100000E-03   8.47079500000E-03   8.50878000000E-03   8.54292100000E-03
   8.57441600000E-03   8.62569000000E-03   8.67054500000E-03   8.70406500000E-03
   8.73407100000E-03   8.75460500000E-03   8.77339000000E-03   8.78415800000E-03
   8.79430200000E-03   8.79790200000E-03   8.80096800000E-03   8.79893200000E-03
   8.79644300000E-03   8.78993700000E-03   8.78303600000E-03   8.76252600000E-03
   8.72972300000E-03   8.68846600000E-03   8.64299200000E-03   8.59273800000E-03
   8.53981400000E-03   8.48419700000E-03   8.42698600000E-03   8.36832800000E-03
   8.30882500000E-03   8.24864700000E-03   8.18834100000E-03   8.12747900000E-03
   8.06715500000E-03   8.00637700000E-03   7.94657000000E-03   7.88638900000E-03
   7.76844700000E-03   7.65257600000E-03   7.53931000000E-03   7.42882100000E-03
   7.32122500000E-03   7.21659600000E-03   7.11664400000E-03   7.01612000000E-03
   6.92183200000E-03   6.82711400000E-03   6.73825700000E-03   6.64905800000E-03
   6.56533000000E-03   6.48132900000E-03   6.32322100000E-03   6.17407900000E-03
   6.03324000000E-03   5.90009700000E-03   5.77408000000E-03   5.65467400000E-03
   5.54439500000E-03   5.43374700000E-03   5.33395400000E-03   5.23389800000E-03
   5.14319400000E-03   5.05229000000E-03   4.96949100000E-03   4.88653600000E-03
   4.73463000000E-03   4.59488100000E-03   4.46585400000E-03   4.34633100000E-03
   4.23526500000E-03   4.13175900000E-03   4.03503500000E-03   3.94442000000E-03
   3.85932500000E-03   3.77923500000E-03   3.70370600000E-03   3.61807100000E-03
   3.53226800000E-03   3.45707500000E-03   3.38176900000E-03   3.31510800000E-03
   3.24836200000E-03   3.18875700000E-03   3.12908800000E-03   3.02163900000E-03
   2.92418900000E-03   2.83527500000E-03   2.75371200000E-03   2.67852500000E-03
   2.60891500000E-03   2.48382900000E-03   2.37423600000E-03   2.27707900000E-03
   2.19007800000E-03   2.11149800000E-03   2.03999300000E-03   1.97450100000E-03
   1.91417500000E-03   1.85832900000E-03   1.80640100000E-03   1.71250000000E-03
   1.62956600000E-03   1.55550500000E-03   1.48876000000E-03   1.42814400000E-03
   1.37273400000E-03   1.32179900000E-03   1.27475100000E-03   1.23110700000E-03
   1.19047100000E-03   1.15250800000E-03   1.11693700000E-03   1.08351900000E-03
   1.05204700000E-03   1.02234300000E-03   9.94248800000E-04   9.67631300000E-04
   9.42367900000E-04   9.18352900000E-04   8.95490600000E-04   8.73695500000E-04
   8.52892000000E-04   8.33010100000E-04   8.13989000000E-04   7.95772300000E-04
   7.53420800000E-04   7.15095900000E-04   6.80239700000E-04   6.48398600000E-04
   6.19195900000E-04   5.92316600000E-04   5.67495100000E-04   5.44506000000E-04
   5.23155500000E-04   5.03276900000E-04   4.84725500000E-04   4.67375000000E-04
   4.51114600000E-04   4.35846800000E-04   4.21485500000E-04   4.07954000000E-04
   3.95183900000E-04   3.83114200000E-04   3.71690200000E-04   3.60862300000E-04
   3.50586200000E-04   3.40821500000E-04   3.31531600000E-04   3.22683300000E-04
   3.14246200000E-04   3.06188200000E-04   3.05079800000E-04   2.89081900000E-04
   2.75389900000E-04   2.63607500000E-04   2.52516100000E-04   2.42046000000E-04
   2.32166300000E-04   2.22853200000E-04   2.14075400000E-04   2.05802700000E-04
   1.98009000000E-04   1.90620400000E-04   1.83730200000E-04   1.77159100000E-04
   1.71006900000E-04   1.65124000000E-04   1.59599000000E-04   1.54285200000E-04
   1.49283600000E-04   1.40007600000E-04   1.31703400000E-04   1.24284500000E-04
   1.17654800000E-04   1.11722100000E-04   1.06397000000E-04   1.01583000000E-04
   9.71901100000E-05   9.31240500000E-05   8.93160600000E-05   8.57477800000E-05
   8.24074300000E-05   7.92854200000E-05   7.63691900000E-05   7.36486900000E-05
   7.11123200000E-05   6.87491900000E-05   6.65472800000E-05   6.44961600000E-05
   6.25847700000E-05   6.08014800000E-05   5.91350000000E-05   5.75744500000E-05
   5.61083300000E-05   5.47255000000E-05   5.34148500000E-05   5.21648500000E-05
   5.09648600000E-05   4.98150100000E-05   4.87168400000E-05   4.76688700000E-05
   4.53571800000E-05   4.32579200000E-05   4.13421200000E-05   3.95877200000E-05
   3.82399600000E-05   3.69885200000E-05   3.58228000000E-05   3.47344200000E-05
   3.30167900000E-05   3.14873300000E-05   3.01479000000E-05   2.89374300000E-05
   2.79295500000E-05   2.70057700000E-05                   1                 180
   1.00000000000E-11   2.00000000000E-11   5.00000000000E-11   1.00000000000E-10
   2.00000000000E-10   5.00000000000E-10   1.00000000000E-09   2.00000000000E-09
   5.00000000000E-09   1.00000000000E-08   2.53000000000E-08   1.00000000000E-07
   2.00000000000E-07   5.00000000000E-07   1.00000000000E-06   2.00000000000E-06
   5.00000000000E-06   1.00000000000E-05   2.00000000000E-05   5.00000000000E-05
   1.00000000000E-04   2.00000000000E-04   5.00000000000E-04   1.00000000000E-03
   2.00000000000E-03   3.00000000000E-03   4.00000000000E-03   5.00000000000E-03
   6.00000000000E-03   7.00000000000E-03   8.00000000000E-03   9.00000000000E-03
   1.00000000000E-02   1.20000000000E-02   1.40000000000E-02   1.60000000000E-02
   1.80000000000E-02   2.00000000000E-02   2.20000000000E-02   2.40000000000E-02
   2.60000000000E-02   2.80000000000E-02   3.00000000000E-02   3.50000000000E-02
   4.00000000000E-02   4.50000000000E-02   5.00000000000E-02   5.50000000000E-02
   6.00000000000E-02   6.50000000000E-02   7.00000000000E-02   7.50000000000E-02
   8.00000000000E-02   8.50000000000E-02   9.00000000000E-02   9.50000000000E-02
   1.00000000000E-01   1.10000000000E-01   1.20000000000E-01   1.30000000000E-01
   1.40000000000E-01   1.50000000000E-01   1.60000000000E-01   1.70000000000E-01
   1.80000000000E-01   1.90000000000E-01   2.00000000000E-01   2.20000000000E-01
   2.40000000000E-01   2.60000000000E-01   2.80000000000E-01   3.00000000000E-01
   3.20000000000E-01   3.40000000000E-01   3.60000000000E-01   3.80000000000E-01
   4.00000000000E-01   4.20000000000E-01   4.40000000000E-01   4.60000000000E-01
   4.80000000000E-01   5.00000000000E-01   5.50000000000E-01   6.00000000000E-01
   6.50000000000E-01   7.00000000000E-01   7.50000000000E-01   8.00000000000E-01
   8.50000000000E-01   9.00000000000E-01   9.50000000000E-01   1.00000000000E+00
   1.10000000000E+00   1.20000000000E+00   1.30000000000E+00   1.40000000000E+00
   1.50000000000E+00   1.60000000000E+00   1.70000000000E+00   1.80000000000E+00
   1.90000000000E+00   2.00000000000E+00   2.20000000000E+00   2.40000000000E+00
   2.60000000000E+00   2.80000000000E+00   3.00000000000E+00   3.20000000000E+00
   3.40000000000E+00   3.60000000000E+00   3.80000000000E+00   4.00000000000E+00
   4.20000000000E+00   4.40000000000E+00   4.60000000000E+00   4.80000000000E+00
   5.00000000000E+00   5.20000000000E+00   5.40000000000E+00   5.60000000000E+00
   5.80000000000E+00   6.00000000000E+00   6.20000000000E+00   6.40000000000E+00
   6.60000000000E+00   6.80000000000E+00   7.00000000000E+00   7.50000000000E+00
   8.00000000000E+00   8.50000000000E+00   9.00000000000E+00   9.50000000000E+00
   1.00000000000E+01   1.05000000000E+01   1.10000000000E+01   1.15000000000E+01
   1.20000000000E+01   1.25000000000E+01   1.30000000000E+01   1.35000000000E+01
   1.40000000000E+01   1.45000000000E+01   1.50000000000E+01   1.55000000000E+01
   1.60000000000E+01   1.65000000000E+01   1.70000000000E+01   1.75000000000E+01
   1.80000000000E+01   1.85000000000E+01   1.90000000000E+01   1.95000000000E+01
   2.00000000000E+01   2.00000000000E+01   2.50000000000E+01   3.00000000000E+01
   3.50000000000E+01   4.00000000000E+01   4.50000000000E+01   5.00000000000E+01
   5.50000000000E+01   6.00000000000E+01   6.50000000000E+01   7.00000000000E+01
   7.50000000000E+01   8.00000000000E+01   8.50000000000E+01   9.00000000000E+01
   9.50000000000E+01   1.00000000000E+02   1.10000000000E+02   1.20000000000E+02
   1.30000000000E+02   1.40000000000E+02   1.50000000000E+02   1.60000000000E+02
   1.70000000000E+02   1.80000000000E+02   1.90000000000E+02   2.00000000000E+02
                -362                -373                -384                -395
                -406                -417                -428                -439
                -450                -461                -472                -483
                -494                -505                -516                -527
                -538                -549                -560                -571
                -582                -593                -604                -615
                -626                -637                -648                -659
                -670                -681                -692                -703
                -714                -725                -736                -747
                -758                -769                -780                -791
                -802                -813                -824                -835
                -846                -857                -868                -879
                -890                -901                -912                -923
                -934                -945                -956                -967
                -978                -989               -1000               -1011
               -1022               -1033               -1044               -1055
               -1066               -1077               -1088               -1099
               -1110               -1121               -1132               -1143
               -1154               -1165               -1176               -1187
               -1198               -1209               -1220               -1231
               -1242               -1253               -1264               -1275
               -1286               -1297               -1308               -1319
               -1330               -1341               -1352               -1363
               -1374               -1385               -1396               -1407
               -1418               -1429               -1440               -1451
               -1462               -1473               -1484               -1495
               -1506               -1517               -1528               -1539
               -1550               -1561               -1572               -1583
               -1594               -1605               -1616               -1627
               -1638               -1649               -1660               -1671
               -1682               -1693               -1704               -1715
               -1726               -1737               -1748               -1759
               -1770               -1781               -1792               -1803
               -1814               -1825               -1836               -1850
               -1864               -1878               -1892               -1906
               -1920               -1934               -1951               -1968
               -1985               -2005               -2025               -2045
               -2068               -2091               -2114               -2137
               -2163               -2189               -2218               -2259
               -2306               -2359               -2418               -2480
               -2554               -2631               -2714               -2803
               -2898               -3002               -3106               -3216
               -3335               -3460               -3588               -3725
               -3868               -4023               -4181               -4342
               -4515               -4688               -4873               -5055
                   2                   3  -1.00000000000E+00   0.00000000000E+00
   1.00000000000E+00   5.00000000000E-01   5.00000000000E-01   5.00000000000E-01
   0.00000000000E+00   5.00000000000E-01   1.00000000000E+00                   2
                   3  -1.00000000000E+00   0.00000000000E+00   1.00000000000E+00
   5.00000000000E-01   5.00000000000E-01   5.00000000000E-01   0.00000000000E+00
   5.00000000000E-01   1.00000000000E+00                   2                   3
  -1.00000000000E+00   0.00000000000E+00   1.00000000000E+00   5.00000000000E-01
   5.00000000000E-01   5.00000000000E-01   0.00000000000E+00   5.00000000000E-01
   1.00000000000E+00                   2                   3  -1.00000000000E+00
   0.00000000000E+00   1.00000000000E+00   5.00000000000E-01   5.00000000000E-01
   5.00000000000E-01   0.00000000000E+00   5.00000000000E-01   1.00000000000E+00
                   2                   3  -1.00000000000E+00   0.00000000000E+00
   1.00000000000E+00   5.00000000000E-01   5.00000000000E-01   5.00000000000E-01
   0.00000000000E+00   5.00000000000E-01   1.00000000000E+00                   2
                   3  -1.00000000000E+00   0.00000000000E+00   1.00000000000E+00
   5.00000000000E-01   5.00000000000E-01   5.00000000000E-01   0.00000000000E+00
   5.00000000000E-01   1.00000000000E+00                   2                   3
  -1.00000000000E+00   0.00000000000E+00   1.00000000000E+00   5.00000000000E-01
   5.00000000000E-01   5.00000000000E-01   0.00000000000E+00   5.00000000000E-01
   1.00000000000E+00                   2                   3  -1.00000000000E+00
   0.00000000000E+00   1.00000000000E+00   5.00000000000E-01   5.00000000000E-01
   5.00000000000E-01   0.00000000000E+00   5.00000000000E-01   1.00000000000E+00
                   2                   3  -1.00000000000E+00   0.00000000000E+00
   1.00000000000E+00   5.00000000000E-01   5.00000000000E-01   5.00000000000E-01
   0.00000000000E+00   5.00000000000E-01   1.00000000000E+00                   2
                   3  -1.00000000000E+00   0.00000000000E+00   1.00000000000E+00
   5.00000000000E-01   5.00000000000E-01   5.00000000000E-01   0.00000000000E+00
   5.00000000000E-01   1.00000000000E+00                   2                   3
  -1.00000000000E+00   0.00000000000E+00   1.00000000000E+00   5.00000000000E-01
   5.00000000000E-01   5.00000000000E-01   0.00000000000E+00   5.00000000000E-01
   1.00000000000E+00                   2                   3  -1.00000000000E+00
   0.00000000000E+00   1.00000000000E+00   5.00000000000E-01   5.00000000000E-01
   5.00000000000E-01   0.00000000000E+00   5.00000000000E-01   1.00000000000E+00
                   2                   3  -1.00000000000E+00   0.00000000000E+00
   1.00000000000E+00   5.00000000000E-01   5.00000000000E-01   5.00000000000E-01
   0.00000000000E+00   5.00000000000E-01   1.00000000000E+00                   2
                   3  -1.00000000000E+00   0.00000000000E+00   1.00000000000E+00
   5.00000000000E-01   5.00000000000E-01   5.00000000000E-01   0.00000000000E+00
   5.00000000000E-01   1.00000000000E+00                   2                   3
  -1.00000000000E+00   0.00000000000E+00   1.00000000000E+00   5.00000000000E-01
   5.00000000000E-01   5.00000000000E-01   0.00000000000E+00   5.00000000000E-01
   1.00000000000E+00                   2                   3  -1.00000000000E+00
   0.00000000000E+00   1.00000000000E+00   5.00000000000E-01   5.00000000000E-01
   5.00000000000E-01   0.00000000000E+00   5.00000000000E-01   1.00000000000E+00
                   2                   3  -1.00000000000E+00   0.00000000000E+00
   1.00000000000E+00   5.00000000000E-01   5.00000000000E-01   5.00000000000E-01
   0.00000000000E+00   5.00000000000E-01   1.00000000000E+00                   2
                   3  -1.00000000000E+00   0.00000000000E+00   1.00000000000E+00
   5.00000000000E-01   5.00000000000E-01   5.00000000000E-01   0.00000000000E+00
   5.00000000000E-01   1.00000000000E+00                   2                   3
  -1.00000000000E+00   0.00000000000E+00   1.00000000000E+00   5.00000000000E-01
   5.00000000000E-01   5.00000000000E-01   0.00000000000E+00   5.00000000000E-01
   1.00000000000E+00                   2                   3  -1.00000000000E+00
   0.00000000000E+00   1.00000000000E+00   5.00000100000E-01   5.00000000000E-01
   4.99999900000E-01   0.00000000000E+00   5.00000100000E-01   1.00000000000E+00
                   2                   3  -1.00000000000E+00   0.00000000000E+00
   1.00000000000E+00   5.00000200000E-01   5.00000000000E-01   4.99999800000E-01
   0.00000000000E+00   5.00000100000E-01   1.00000000000E+00                   2
                   3  -1.00000000000E+00   0.00000000000E+00   1.00000000000E+00
   5.00000300000E-01   5.00000000000E-01   4.99999700000E-01   0.00000000000E+00
   5.00000200000E-01   1.00000000000E+00                   2                   3
  -1.00000000000E+00   0.00000000000E+00   1.00000000000E+00   5.00000900000E-01
   5.00000000000E-01   4.99999100000E-01   0.00000000000E+00   5.00000500000E-01
   1.00000000000E+00                   2                   3  -1.00000000000E+00
   0.00000000000E+00   1.00000000000E+00   5.00001700000E-01   5.00000000000E-01
   4.99998300000E-01   0.00000000000E+00   5.00000900000E-01   1.00000000000E+00
                   2                   3  -1.00000000000E+00   0.00000000000E+00
   1.00000000000E+00   5.00003500000E-01   5.00000000000E-01   4.99996500000E-01
   0.00000000000E+00   5.00001800000E-01   1.00000000000E+00                   2
                   3  -1.00000000000E+00   0.00000000000E+00   1.00000000000E+00
   5.00005200000E-01   5.00000000000E-01   4.99994800000E-01   0.00000000000E+00
   5.00002600000E-01   1.00000000000E+00                   2                   3
  -1.00000000000E+00   0.00000000000E+00   1.00000000000E+00   5.00006900000E-01
   5.00000000000E-01   4.99993100000E-01   0.00000000000E+00   5.00003500000E-01
   1.00000000000E+00                   2                   3  -1.00000000000E+00
   0.00000000000E+00   1.00000000000E+00   5.00008700000E-01   5.00000000000E-01
   4.99991300000E-01   0.00000000000E+00   5.00004400000E-01   1.00000000000E+00
                   2                   3  -1.00000000000E+00   0.00000000000E+00
   1.00000000000E+00   5.00010400000E-01   5.00000000000E-01   4.99989600000E-01
   0.00000000000E+00   5.00005200000E-01   1.00000000000E+00                   2
                   3  -1.00000000000E+00   0.00000000000E+00   1.00000000000E+00
   5.00012100000E-01   5.00000000000E-01   4.99987900000E-01   0.00000000000E+00
   5.00006100000E-01   1.00000000000E+00                   2                   3
  -1.00000000000E+00   0.00000000000E+00   1.00000000000E+00   5.00013800000E-01
   5.00000000000E-01   4.99986200000E-01   0.00000000000E+00   5.00006900000E-01
   1.00000000000E+00                   2                   3  -1.00000000000E+00
   0.00000000000E+00   1.00000000000E+00   5.00015500000E-01   5.00000000000E-01
   4.99984500000E-01   0.00000000000E+00   5.00007800000E-01   1.00000000000E+00
                   2                   3  -1.00000000000E+00   0.00000000000E+00
   1.00000000000E+00   5.00017200000E-01   5.00000000000E-01   4.99982800000E-01
   0.00000000000E+00   5.00008600000E-01   1.00000000000E+00                   2
                   3  -1.00000000000E+00   0.00000000000E+00   1.00000000000E+00
   5.00020600000E-01   5.00000000000E-01   4.99979400000E-01   0.00000000000E+00
   5.00010300000E-01   1.00000000000E+00                   2                   3
  -1.00000000000E+00   0.00000000000E+00   1.00000000000E+00   5.00024000000E-01
   5.00000000000E-01   4.99976000000E-01   0.00000000000E+00   5.00012000000E-01
   1.00000000000E+00                   2                   3  -1.00000000000E+00
   0.00000000000E+00   1.00000000000E+00   5.00027300000E-01   5.00000000000E-01
   4.99972700000E-01   0.00000000000E+00   5.00013700000E-01   1.00000000000E+00
                   2                   3  -1.00000000000E+00   0.00000000000E+00
   1.00000000000E+00   5.00030600000E-01   5.00000000000E-01   4.99969400000E-01
   0.00000000000E+00   5.00015300000E-01   1.00000000000E+00                   2
                   3  -1.00000000000E+00   0.00000000000E+00   1.00000000000E+00
   5.00034000000E-01   5.00000000000E-01   4.99966000000E-01   0.00000000000E+00
   5.00017000000E-01   1.00000000000E+00                   2                   3
  -1.00000000000E+00   0.00000000000E+00   1.00000000000E+00   5.00037300000E-01
   5.00000000000E-01   4.99962700000E-01   0.00000000000E+00   5.00018700000E-01
   1.00000000000E+00                   2                   3  -1.00000000000E+00
   0.00000000000E+00   1.00000000000E+00   5.00040500000E-01   5.00000000000E-01
   4.99959500000E-01   0.00000000000E+00   5.00020300000E-01   1.00000000000E+00
                   2                   3  -1.00000000000E+00   0.00000000000E+00
   1.00000000000E+00   5.00043800000E-01   5.00000000000E-01   4.99956200000E-01
   0.00000000000E+00   5.00021900000E-01   1.00000000000E+00                   2
                   3  -1.00000000000E+00   0.00000000000E+00   1.00000000000E+00
   5.00047000000E-01   5.00000000000E-01   4.99953000000E-01   0.00000000000E+00
   5.00023500000E-01   1.00000000000E+00                   2                   3
  -1.00000000000E+00   0.00000000000E+00   1.00000000000E+00   5.00050300000E-01
   5.00000000000E-01   4.99949700000E-01   0.00000000000E+00   5.00025200000E-01
   1.00000000000E+00                   2                   3  -1.00000000000E+00
   0.00000000000E+00   1.00000000000E+00   5.00058300000E-01   5.00000000000E-01
   4.99941700000E-01   0.00000000000E+00   5.00029200000E-01   1.00000000000E+00
                   2                   3  -1.00000000000E+00   0.00000000000E+00
   1.00000000000E+00   5.00066100000E-01   5.00000000000E-01   4.99933900000E-01
   0.00000000000E+00   5.00033100000E-01   1.00000000000E+00                   2
                   3  -1.00000000000E+00   0.00000000000E+00   1.00000000000E+00
   5.00073900000E-01   5.00000000000E-01   4.99926100000E-01   0.00000000000E+00
   5.00037000000E-01   1.00000000000E+00                   2                   3
  -1.00000000000E+00   0.00000000000E+00   1.00000000000E+00   5.00081600000E-01
   5.00000000000E-01   4.99918400000E-01   0.00000000000E+00   5.00040800000E-01
   1.00000000000E+00                   2                   3  -1.00000000000E+00
   0.00000000000E+00   1.00000000000E+00   5.00089200000E-01   5.00000000000E-01
   4.99910800000E-01   0.00000000000E+00   5.00044600000E-01   1.00000000000E+00
                   2                   3  -1.00000000000E+00   0.00000000000E+00
   1.00000000000E+00   5.00096700000E-01   5.00000000000E-01   4.99903300000E-01
   0.00000000000E+00   5.00048400000E-01   1.00000000000E+00                   2
                   3  -1.00000000000E+00   0.00000000000E+00   1.00000000000E+00
   5.00104100000E-01   5.00000000000E-01   4.99895900000E-01   0.00000000000E+00
   5.00052100000E-01   1.00000000000E+00                   2                   3
  -1.00000000000E+00   0.00000000000E+00   1.00000000000E+00   5.00111400000E-01
   5.00000000000E-01   4.99888600000E-01   0.00000000000E+00   5.00055700000E-01
   1.00000000000E+00                   2                   3  -1.00000000000E+00
   0.00000000000E+00   1.00000000000E+00   5.00118600000E-01   5.00000000000E-01
   4.99881400000E-01   0.00000000000E+00   5.00059300000E-01   1.00000000000E+00
                   2                   3  -1.00000000000E+00   0.00000000000E+00
   1.00000000000E+00   5.00125700000E-01   5.00000000000E-01   4.99874300000E-01
   0.00000000000E+00   5.00062900000E-01   1.00000000000E+00                   2
                   3  -1.00000000000E+00   0.00000000000E+00   1.00000000000E+00
   5.00132700000E-01   5.00000000000E-01   4.99867200000E-01   0.00000000000E+00
   5.00066400000E-01   1.00000000000E+00                   2                   3
  -1.00000000000E+00   0.00000000000E+00   1.00000000000E+00   5.00139700000E-01
   5.00000000000E-01   4.99860300000E-01   0.00000000000E+00   5.00069900000E-01
   1.00000000000E+00                   2                   3  -1.00000000000E+00
   0.00000000000E+00   1.00000000000E+00   5.00146500000E-01   5.00000000000E-01
   4.99853400000E-01   0.00000000000E+00   5.00073300000E-01   1.00000000000E+00
                   2                   3  -1.00000000000E+00   0.00000000000E+00
   1.00000000000E+00   5.00153300000E-01   5.00000000000E-01   4.99846600000E-01
   0.00000000000E+00   5.00076700000E-01   1.00000000000E+00                   2
                   3  -1.00000000000E+00   0.00000000000E+00   1.00000000000E+00
   5.00166700000E-01   5.00000100000E-01   4.99833200000E-01   0.00000000000E+00
   5.00083400000E-01   1.00000000000E+00                   2                   3
  -1.00000000000E+00   0.00000000000E+00   1.00000000000E+00   5.00179700000E-01
   5.00000100000E-01   4.99820100000E-01   0.00000000000E+00   5.00089900000E-01
   1.00000000000E+00                   2                   3  -1.00000000000E+00
   0.00000000000E+00   1.00000000000E+00   5.00192400000E-01   5.00000100000E-01
   4.99807400000E-01   0.00000000000E+00   5.00096300000E-01   1.00000000000E+00
                   2                   3  -1.00000000000E+00   0.00000000000E+00
   1.00000000000E+00   5.00204900000E-01   5.00000100000E-01   4.99794900000E-01
   0.00000000000E+00   5.00102500000E-01   1.00000000000E+00                   2
                   3  -1.00000000000E+00   0.00000000000E+00   1.00000000000E+00
   5.00217100000E-01   5.00000200000E-01   4.99782600000E-01   0.00000000000E+00
   5.00108700000E-01   1.00000000000E+00                   2                   3
  -1.00000000000E+00   0.00000000000E+00   1.00000000000E+00   5.00229000000E-01
   5.00000200000E-01   4.99770600000E-01   0.00000000000E+00   5.00114600000E-01
   1.00000000000E+00                   2                   3  -1.00000000000E+00
   0.00000000000E+00   1.00000000000E+00   5.00240600000E-01   5.00000200000E-01
   4.99758900000E-01   0.00000000000E+00   5.00120400000E-01   1.00000000000E+00
                   2                   3  -1.00000000000E+00   0.00000000000E+00
   1.00000000000E+00   5.00252100000E-01   5.00000300000E-01   4.99747400000E-01
   0.00000000000E+00   5.00126200000E-01   1.00000000000E+00                   2
                   3  -1.00000000000E+00   0.00000000000E+00   1.00000000000E+00
   5.00263300000E-01   5.00000300000E-01   4.99736100000E-01   0.00000000000E+00
   5.00131800000E-01   1.00000000000E+00                   2                   3
  -1.00000000000E+00   0.00000000000E+00   1.00000000000E+00   5.00274300000E-01
   5.00000400000E-01   4.99725000000E-01   0.00000000000E+00   5.00137400000E-01
   1.00000000000E+00                   2                   3  -1.00000000000E+00
   0.00000000000E+00   1.00000000000E+00   5.00295600000E-01   5.00000500000E-01
   4.99703400000E-01   0.00000000000E+00   5.00148100000E-01   1.00000000000E+00
                   2                   3  -1.00000000000E+00   0.00000000000E+00
   1.00000000000E+00   5.00316100000E-01   5.00000600000E-01   4.99682600000E-01
   0.00000000000E+00   5.00158400000E-01   1.00000000000E+00                   2
                   3  -1.00000000000E+00   0.00000000000E+00   1.00000000000E+00
   5.00336000000E-01   5.00000800000E-01   4.99662500000E-01   0.00000000000E+00
   5.00168400000E-01   1.00000000000E+00                   2                   3
  -1.00000000000E+00   0.00000000000E+00   1.00000000000E+00   5.00355100000E-01
   5.00001000000E-01   4.99642900000E-01   0.00000000000E+00   5.00178100000E-01
   1.00000000000E+00                   2                   3  -1.00000000000E+00
   0.00000000000E+00   1.00000000000E+00   5.00373700000E-01   5.00001200000E-01
   4.99624000000E-01   0.00000000000E+00   5.00187500000E-01   1.00000000000E+00
                   2                   3  -1.00000000000E+00   0.00000000000E+00
   1.00000000000E+00   5.00391700000E-01   5.00001400000E-01   4.99605500000E-01
   0.00000000000E+00   5.00196600000E-01   1.00000000000E+00                   2
                   3  -1.00000000000E+00   0.00000000000E+00   1.00000000000E+00
   5.00409100000E-01   5.00001700000E-01   4.99587500000E-01   0.00000000000E+00
   5.00205400000E-01   1.00000000000E+00                   2                   3
  -1.00000000000E+00   0.00000000000E+00   1.00000000000E+00   5.00426100000E-01
   5.00001900000E-01   4.99570000000E-01   0.00000000000E+00   5.00214000000E-01
   1.00000000000E+00                   2                   3  -1.00000000000E+00
   0.00000000000E+00   1.00000000000E+00   5.00442700000E-01   5.00002300000E-01
   4.99552800000E-01   0.00000000000E+00   5.00222500000E-01   1.00000000000E+00
                   2                   3  -1.00000000000E+00   0.00000000000E+00
   1.00000000000E+00   5.00458900000E-01   5.00002600000E-01   4.99536000000E-01
   0.00000000000E+00   5.00230800000E-01   1.00000000000E+00                   2
                   3  -1.00000000000E+00   0.00000000000E+00   1.00000000000E+00
   5.00474600000E-01   5.00002900000E-01   4.99519500000E-01   0.00000000000E+00
   5.00238800000E-01   1.00000000000E+00                   2                   3
  -1.00000000000E+00   0.00000000000E+00   1.00000000000E+00   5.00490100000E-01
   5.00003300000E-01   4.99503200000E-01   0.00000000000E+00   5.00246700000E-01
   1.00000000000E+00                   2                   3  -1.00000000000E+00
   0.00000000000E+00   1.00000000000E+00   5.00505200000E-01   5.00003800000E-01
   4.99487300000E-01   0.00000000000E+00   5.00254500000E-01   1.00000000000E+00
                   2                   3  -1.00000000000E+00   0.00000000000E+00
   1.00000000000E+00   5.00520100000E-01   5.00004200000E-01   4.99471500000E-01
   0.00000000000E+00   5.00262200000E-01   1.00000000000E+00                   2
                   3  -1.00000000000E+00   0.00000000000E+00   1.00000000000E+00
   5.00534700000E-01   5.00004700000E-01   4.99456000000E-01   0.00000000000E+00
   5.00269700000E-01   1.00000000000E+00                   2                   3
  -1.00000000000E+00   0.00000000000E+00   1.00000000000E+00   5.00570300000E-01
   5.00006000000E-01   4.99417800000E-01   0.00000000000E+00   5.00288200000E-01
   1.00000000000E+00                   2                   3  -1.00000000000E+00
   0.00000000000E+00   1.00000000000E+00   5.00604700000E-01   5.00007400000E-01
   4.99380400000E-01   0.00000000000E+00   5.00306100000E-01   1.00000000000E+00
                   2                   3  -1.00000000000E+00   0.00000000000E+00
   1.00000000000E+00   5.00638400000E-01   5.00009100000E-01   4.99343400000E-01
   0.00000000000E+00   5.00323800000E-01   1.00000000000E+00                   2
                   3  -1.00000000000E+00   0.00000000000E+00   1.00000000000E+00
   5.00671400000E-01   5.00011000000E-01   4.99306700000E-01   0.00000000000E+00
   5.00341200000E-01   1.00000000000E+00                   2                   3
  -1.00000000000E+00   0.00000000000E+00   1.00000000000E+00   5.00704100000E-01
   5.00013000000E-01   4.99269900000E-01   0.00000000000E+00   5.00358600000E-01
   1.00000000000E+00                   2                   3  -1.00000000000E+00
   0.00000000000E+00   1.00000000000E+00   5.00736500000E-01   5.00015200000E-01
   4.99233100000E-01   0.00000000000E+00   5.00375900000E-01   1.00000000000E+00
                   2                   3  -1.00000000000E+00   0.00000000000E+00
   1.00000000000E+00   5.00769000000E-01   5.00017600000E-01   4.99195900000E-01
   0.00000000000E+00   5.00393300000E-01   1.00000000000E+00                   2
                   3  -1.00000000000E+00   0.00000000000E+00   1.00000000000E+00
   5.00801500000E-01   5.00020200000E-01   4.99158200000E-01   0.00000000000E+00
   5.00410900000E-01   1.00000000000E+00                   2                   3
  -1.00000000000E+00   0.00000000000E+00   1.00000000000E+00   5.00834200000E-01
   5.00022900000E-01   4.99120000000E-01   0.00000000000E+00   5.00428600000E-01
   1.00000000000E+00                   2                   3  -1.00000000000E+00
   0.00000000000E+00   1.00000000000E+00   5.00867200000E-01   5.00025800000E-01
   4.99081200000E-01   0.00000000000E+00   5.00446500000E-01   1.00000000000E+00
                   2                   3  -1.00000000000E+00   0.00000000000E+00
   1.00000000000E+00   5.00934400000E-01   5.00032200000E-01   4.99001200000E-01
   0.00000000000E+00   5.00483300000E-01   1.00000000000E+00                   2
                   3  -1.00000000000E+00   0.00000000000E+00   1.00000000000E+00
   5.01003700000E-01   5.00039200000E-01   4.98917800000E-01   0.00000000000E+00
   5.00521500000E-01   1.00000000000E+00                   2                   3
  -1.00000000000E+00   0.00000000000E+00   1.00000000000E+00   5.01075500000E-01
   5.00046900000E-01   4.98830600000E-01   0.00000000000E+00   5.00561200000E-01
   1.00000000000E+00                   2                   3  -1.00000000000E+00
   0.00000000000E+00   1.00000000000E+00   5.01150200000E-01   5.00055200000E-01
   4.98739400000E-01   0.00000000000E+00   5.00602700000E-01   1.00000000000E+00
                   2                   3  -1.00000000000E+00   0.00000000000E+00
   1.00000000000E+00   5.01227900000E-01   5.00064100000E-01   4.98643900000E-01
   0.00000000000E+00   5.00646000000E-01   1.00000000000E+00                   2
                   3  -1.00000000000E+00   0.00000000000E+00   1.00000000000E+00
   5.01308800000E-01   5.00073500000E-01   4.98544100000E-01   0.00000000000E+00
   5.00691200000E-01   1.00000000000E+00                   2                   3
  -1.00000000000E+00   0.00000000000E+00   1.00000000000E+00   5.01393100000E-01
   5.00083500000E-01   4.98440000000E-01   0.00000000000E+00   5.00738300000E-01
   1.00000000000E+00                   2                   3  -1.00000000000E+00
   0.00000000000E+00   1.00000000000E+00   5.01480800000E-01   5.00093900000E-01
   4.98331400000E-01   0.00000000000E+00   5.00787400000E-01   1.00000000000E+00
                   2                   3  -1.00000000000E+00   0.00000000000E+00
   1.00000000000E+00   5.01571900000E-01   5.00104800000E-01   4.98218400000E-01
   0.00000000000E+00   5.00838400000E-01   1.00000000000E+00                   2
                   3  -1.00000000000E+00   0.00000000000E+00   1.00000000000E+00
   5.01666600000E-01   5.00116200000E-01   4.98101000000E-01   0.00000000000E+00
   5.00891400000E-01   1.00000000000E+00                   2                   3
  -1.00000000000E+00   0.00000000000E+00   1.00000000000E+00   5.01866500000E-01
   5.00140000000E-01   4.97853500000E-01   0.00000000000E+00   5.01003300000E-01
   1.00000000000E+00                   2                   3  -1.00000000000E+00
   0.00000000000E+00   1.00000000000E+00   5.02080400000E-01   5.00165100000E-01
   4.97589400000E-01   0.00000000000E+00   5.01122800000E-01   1.00000000000E+00
                   2                   3  -1.00000000000E+00   0.00000000000E+00
   1.00000000000E+00   5.02308000000E-01   5.00191200000E-01   4.97309600000E-01
   0.00000000000E+00   5.01249600000E-01   1.00000000000E+00                   2
                   3  -1.00000000000E+00   0.00000000000E+00   1.00000000000E+00
   5.02548900000E-01   5.00218100000E-01   4.97014800000E-01   0.00000000000E+00
   5.01383500000E-01   1.00000000000E+00                   2                   3
  -1.00000000000E+00   0.00000000000E+00   1.00000000000E+00   5.02802900000E-01
   5.00245500000E-01   4.96706100000E-01   0.00000000000E+00   5.01524200000E-01
   1.00000000000E+00                   2                   3  -1.00000000000E+00
   0.00000000000E+00   1.00000000000E+00   5.03069400000E-01   5.00273100000E-01
   4.96384400000E-01   0.00000000000E+00   5.01671300000E-01   1.00000000000E+00
                   2                   3  -1.00000000000E+00   0.00000000000E+00
   1.00000000000E+00   5.03347900000E-01   5.00300700000E-01   4.96050700000E-01
   0.00000000000E+00   5.01824300000E-01   1.00000000000E+00                   2
                   3  -1.00000000000E+00   0.00000000000E+00   1.00000000000E+00
   5.03638100000E-01   5.00328000000E-01   4.95706000000E-01   0.00000000000E+00
   5.01983100000E-01   1.00000000000E+00                   2                   3
  -1.00000000000E+00   0.00000000000E+00   1.00000000000E+00   5.03939500000E-01
   5.00354700000E-01   4.95351200000E-01   0.00000000000E+00   5.02147100000E-01
   1.00000000000E+00                   2                   3  -1.00000000000E+00
   0.00000000000E+00   1.00000000000E+00   5.04251500000E-01   5.00380600000E-01
   4.94987300000E-01   0.00000000000E+00   5.02316100000E-01   1.00000000000E+00
                   2                   3  -1.00000000000E+00   0.00000000000E+00
   1.00000000000E+00   5.04573800000E-01   5.00405500000E-01   4.94615200000E-01
   0.00000000000E+00   5.02489700000E-01   1.00000000000E+00                   2
                   3  -1.00000000000E+00   0.00000000000E+00   1.00000000000E+00
   5.04905900000E-01   5.00429100000E-01   4.94236000000E-01   0.00000000000E+00
   5.02667500000E-01   1.00000000000E+00                   2                   3
  -1.00000000000E+00   0.00000000000E+00   1.00000000000E+00   5.05247300000E-01
   5.00451100000E-01   4.93850400000E-01   0.00000000000E+00   5.02849200000E-01
   1.00000000000E+00                   2                   3  -1.00000000000E+00
   0.00000000000E+00   1.00000000000E+00   5.05597800000E-01   5.00471400000E-01
   4.93459400000E-01   0.00000000000E+00   5.03034600000E-01   1.00000000000E+00
                   2                   3  -1.00000000000E+00   0.00000000000E+00
   1.00000000000E+00   5.05956800000E-01   5.00489700000E-01   4.93063900000E-01
   0.00000000000E+00   5.03223300000E-01   1.00000000000E+00                   2
                   3  -1.00000000000E+00   0.00000000000E+00   1.00000000000E+00
   5.06323900000E-01   5.00505700000E-01   4.92664700000E-01   0.00000000000E+00
   5.03414800000E-01   1.00000000000E+00                   2                   3
  -1.00000000000E+00   0.00000000000E+00   1.00000000000E+00   5.06698900000E-01
   5.00519300000E-01   4.92262600000E-01   0.00000000000E+00   5.03609100000E-01
   1.00000000000E+00                   2                   3  -1.00000000000E+00
   0.00000000000E+00   1.00000000000E+00   5.07081300000E-01   5.00530100000E-01
   4.91858400000E-01   0.00000000000E+00   5.03805700000E-01   1.00000000000E+00
                   2                   3  -1.00000000000E+00   0.00000000000E+00
   1.00000000000E+00   5.07470800000E-01   5.00538100000E-01   4.91453000000E-01
   0.00000000000E+00   5.04004500000E-01   1.00000000000E+00                   2
                   3  -1.00000000000E+00   0.00000000000E+00   1.00000000000E+00
   5.07867000000E-01   5.00543000000E-01   4.91047100000E-01   0.00000000000E+00
   5.04205000000E-01   1.00000000000E+00                   2                   3
  -1.00000000000E+00   0.00000000000E+00   1.00000000000E+00   5.08269600000E-01
   5.00544500000E-01   4.90641400000E-01   0.00000000000E+00   5.04407100000E-01
   1.00000000000E+00                   2                   3  -1.00000000000E+00
   0.00000000000E+00   1.00000000000E+00   5.08678300000E-01   5.00542500000E-01
   4.90236700000E-01   0.00000000000E+00   5.04610400000E-01   1.00000000000E+00
                   2                   3  -1.00000000000E+00   0.00000000000E+00
   1.00000000000E+00   5.09092800000E-01   5.00536700000E-01   4.89833800000E-01
   0.00000000000E+00   5.04814800000E-01   1.00000000000E+00                   2
                   3  -1.00000000000E+00   0.00000000000E+00   1.00000000000E+00
   5.09512700000E-01   5.00527100000E-01   4.89433200000E-01   0.00000000000E+00
   5.05019900000E-01   1.00000000000E+00                   2                   3
  -1.00000000000E+00   0.00000000000E+00   1.00000000000E+00   5.09937900000E-01
   5.00513200000E-01   4.89035600000E-01   0.00000000000E+00   5.05225600000E-01
   1.00000000000E+00                   2                   3  -1.00000000000E+00
   0.00000000000E+00   1.00000000000E+00   5.11021700000E-01   5.00459300000E-01
   4.88059600000E-01   0.00000000000E+00   5.05740500000E-01   1.00000000000E+00
                   2                   3  -1.00000000000E+00   0.00000000000E+00
   1.00000000000E+00   5.12132300000E-01   5.00375600000E-01   4.87116600000E-01
   0.00000000000E+00   5.06254000000E-01   1.00000000000E+00                   2
                   3  -1.00000000000E+00   0.00000000000E+00   1.00000000000E+00
   5.13265900000E-01   5.00259100000E-01   4.86215900000E-01   0.00000000000E+00
   5.06762500000E-01   1.00000000000E+00                   2                   3
  -1.00000000000E+00   0.00000000000E+00   1.00000000000E+00   5.14419000000E-01
   5.00107500000E-01   4.85365900000E-01   0.00000000000E+00   5.07263300000E-01
   1.00000000000E+00                   2                   3  -1.00000000000E+00
   0.00000000000E+00   1.00000000000E+00   5.15588800000E-01   4.99918400000E-01
   4.84574500000E-01   0.00000000000E+00   5.07753600000E-01   1.00000000000E+00
                   2                   3  -1.00000000000E+00   0.00000000000E+00
   1.00000000000E+00   5.16772200000E-01   4.99689400000E-01   4.83848900000E-01
   0.00000000000E+00   5.08230800000E-01   1.00000000000E+00                   2
                   3  -1.00000000000E+00   0.00000000000E+00   1.00000000000E+00
   5.17967000000E-01   4.99418600000E-01   4.83195700000E-01   0.00000000000E+00
   5.08692800000E-01   1.00000000000E+00                   2                   4
  -1.00000000000E+00  -1.25000000000E-01   8.13000000000E-01   1.00000000000E+00
   5.19266200000E-01   5.01301300000E-01   4.85792100000E-01   4.82709300000E-01
   0.00000000000E+00   4.46498300000E-01   9.09445100000E-01   1.00000000000E+00
                   2                   4  -1.00000000000E+00  -2.50000000000E-01
   6.88000000000E-01   1.00000000000E+00   5.20607200000E-01   5.03434700000E-01
   4.87405900000E-01   4.82337700000E-01   0.00000000000E+00   3.84015738000E-01
   8.48719985000E-01   1.00000000000E+00                   2                   4
  -1.00000000000E+00  -3.75000000000E-01   5.63000000000E-01   1.00000000000E+00
   5.21962400000E-01   5.05878800000E-01   4.89035700000E-01   4.82061300000E-01
   0.00000000000E+00   3.21200400000E-01   7.87815300000E-01   1.00000000000E+00
                   2                   4  -1.00000000000E+00  -4.37000000000E-01
   5.00000000000E-01   1.00000000000E+00   5.23297000000E-01   5.07252300000E-01
   4.89616400000E-01   4.81853400000E-01   0.00000000000E+00   2.90099600000E-01
   7.57132600000E-01   1.00000000000E+00                   2                   4
  -1.00000000000E+00  -5.00000000000E-01   4.38000000000E-01   1.00000000000E+00
   5.24635600000E-01   5.08823300000E-01   4.90170700000E-01   4.81740700000E-01
   0.00000000000E+00   2.58364700000E-01   7.26892900000E-01   1.00000000000E+00
                   2                   4  -1.00000000000E+00  -5.00000000000E-01
   3.13000000000E-01   1.00000000000E+00   5.26045500000E-01   5.08932000000E-01
   4.91840600000E-01   4.81788300000E-01   0.00000000000E+00   2.58744400000E-01
   6.65558500000E-01   1.00000000000E+00                   2                   4
  -1.00000000000E+00  -5.62000000000E-01   1.25000000000E-01   1.00000000000E+00
   5.27424400000E-01   5.10780000000E-01   4.94682400000E-01   4.81904900000E-01
   0.00000000000E+00   2.27366800000E-01   5.72743100000E-01   1.00000000000E+00
                   2                   5  -1.00000000000E+00  -6.25000000000E-01
  -6.25000000000E-02   7.50000000000E-01   1.00000000000E+00   5.29049900000E-01
   5.13187600000E-01   4.98092500000E-01   4.84733600000E-01   4.82345300000E-01
   0.00000000000E+00   1.95419500000E-01   4.79842000000E-01   8.79115100000E-01
   1.00000000000E+00                   2                   5  -1.00000000000E+00
  -6.25000000000E-01  -1.25000000000E-01   6.25000000000E-01   1.00000000000E+00
   5.30575400000E-01   5.13470500000E-01   4.99057000000E-01   4.86114500000E-01
   4.82793500000E-01   0.00000000000E+00   1.95758600000E-01   4.48890500000E-01
   8.18329800000E-01   1.00000000000E+00                   2                   5
  -1.00000000000E+00  -6.25000000000E-01  -1.25000000000E-01   5.63000000000E-01
   1.00000000000E+00   5.32082300000E-01   5.13678000000E-01   4.98590300000E-01
   4.86633900000E-01   4.83323900000E-01   0.00000000000E+00   1.96080100000E-01
   4.49147200000E-01   7.88064300000E-01   1.00000000000E+00                   2
                   6  -1.00000000000E+00  -6.87000000000E-01  -2.50000000000E-01
   3.75000000000E-01   9.38000000000E-01   1.00000000000E+00   5.33650000000E-01
   5.16558500000E-01   5.01281500000E-01   4.88789300000E-01   4.83996000000E-01
   4.84007900000E-01   0.00000000000E+00   1.64357616000E-01   3.86755639000E-01
   6.96152770000E-01   9.69991897000E-01   1.00000000000E+00                   2
                   6  -1.00000000000E+00  -6.87000000000E-01  -3.12000000000E-01
   2.50000000000E-01   8.13000000000E-01   1.00000000000E+00   5.35304800000E-01
   5.16958700000E-01   5.02699300000E-01   4.90267600000E-01   4.84708700000E-01
   4.84867100000E-01   0.00000000000E+00   1.64679216000E-01   3.55865136000E-01
   6.34888863000E-01   9.09344691000E-01   1.00000000000E+00                   2
                   6  -1.00000000000E+00  -6.87000000000E-01  -3.12000000000E-01
   1.88000000000E-01   7.50000000000E-01   1.00000000000E+00   5.36929400000E-01
   5.17275400000E-01   5.02286300000E-01   4.90750900000E-01   4.85134700000E-01
   4.85793000000E-01   0.00000000000E+00   1.64983100000E-01   3.56150900000E-01
   6.04410200000E-01   8.78634100000E-01   1.00000000000E+00                   2
                   7  -1.00000000000E+00  -7.50000000000E-01  -4.37000000000E-01
   0.00000000000E+00   5.00000000000E-01   9.38000000000E-01   1.00000000000E+00
   5.38638400000E-01   5.21153800000E-01   5.06258500000E-01   4.93712000000E-01
   4.86490900000E-01   4.86226800000E-01   4.86885700000E-01   0.00000000000E+00
   1.32474000000E-01   2.93264000000E-01   5.11757600000E-01   7.56808300000E-01
   9.69833500000E-01   1.00000000000E+00                   2                   7
  -1.00000000000E+00  -7.50000000000E-01  -4.37000000000E-01  -6.25000000000E-02
   4.38000000000E-01   8.75000000000E-01   1.00000000000E+00   5.40342200000E-01
   5.21652800000E-01   5.05947000000E-01   4.94462500000E-01   4.86746300000E-01
   4.86474200000E-01   4.88060700000E-01   0.00000000000E+00   1.32749400000E-01
   2.93568800000E-01   4.80895500000E-01   7.26443000000E-01   9.39091700000E-01
   1.00000000000E+00                   2                   7  -1.00000000000E+00
  -7.50000000000E-01  -4.37000000000E-01  -6.25000000000E-02   3.75000000000E-01
   8.13000000000E-01   1.00000000000E+00   5.42078000000E-01   5.22133800000E-01
   5.05595100000E-01   4.93807600000E-01   4.86948900000E-01   4.86590700000E-01
   4.89346600000E-01   0.00000000000E+00   1.33026500000E-01   2.93866100000E-01
   4.81004300000E-01   6.95544800000E-01   9.08750000000E-01   1.00000000000E+00
                   2                   7  -1.00000000000E+00  -7.50000000000E-01
  -4.37000000000E-01  -6.25000000000E-02   3.75000000000E-01   7.50000000000E-01
   1.00000000000E+00   5.43832600000E-01   5.22584100000E-01   5.05190400000E-01
   4.93105700000E-01   4.86559000000E-01   4.86553300000E-01   4.90726700000E-01
   0.00000000000E+00   1.33302100000E-01   2.94148800000E-01   4.81079700000E-01
   6.95381400000E-01   8.77840000000E-01   1.00000000000E+00                   2
                   8  -1.00000000000E+00  -8.12000000000E-01  -5.62000000000E-01
  -2.50000000000E-01   1.25000000000E-01   5.63000000000E-01   8.75000000000E-01
   1.00000000000E+00   5.45701500000E-01   5.27917900000E-01   5.11041400000E-01
   4.97628200000E-01   4.88871900000E-01   4.85851500000E-01   4.89079200000E-01
   4.92281400000E-01   0.00000000000E+00   1.00920200000E-01   2.30790100000E-01
   3.88142600000E-01   5.73111400000E-01   7.86575800000E-01   9.38665000000E-01
   1.00000000000E+00                   2                   8  -1.00000000000E+00
  -8.12000000000E-01  -5.62000000000E-01  -2.50000000000E-01   1.25000000000E-01
   5.00000000000E-01   8.13000000000E-01   1.00000000000E+00   5.47551700000E-01
   5.28641500000E-01   5.10853500000E-01   4.96942600000E-01   4.88205900000E-01
   4.85679900000E-01   4.88715100000E-01   4.93884300000E-01   0.00000000000E+00
   1.01162200000E-01   2.31099100000E-01   3.88315300000E-01   5.73030600000E-01
   7.55634200000E-01   9.08127000000E-01   1.00000000000E+00                   2
                   9  -1.00000000000E+00  -9.06000000000E-01  -7.81000000000E-01
  -6.25000000000E-01  -2.50000000000E-01   6.25000000000E-02   3.13000000000E-01
   9.38000000000E-01   1.00000000000E+00   5.59048100000E-01   5.40249600000E-01
   5.24844000000E-01   5.13075700000E-01   4.96195100000E-01   4.86708600000E-01
   4.84507800000E-01   4.93566200000E-01   4.96658500000E-01   0.00000000000E+00
   5.16669900000E-02   1.18235300000E-01   1.99193000000E-01   3.88431300000E-01
   5.42010000000E-01   6.63654900000E-01   9.69303000000E-01   1.00000000000E+00
                   2                  13  -1.00000000000E+00  -9.37000000000E-01
  -8.43000000000E-01  -7.18000000000E-01  -5.00000000000E-01  -1.87000000000E-01
   6.25000000000E-02   2.50000000000E-01   4.38000000000E-01   7.50000000000E-01
   9.07000000000E-01   9.85000000000E-01   1.00000000000E+00   5.75862100000E-01
   5.56808900000E-01   5.37898500000E-01   5.21895000000E-01   5.04112900000E-01
   4.86274500000E-01   4.77996000000E-01   4.78088600000E-01   4.84383500000E-01
   4.97890400000E-01   5.04789200000E-01   5.13919600000E-01   5.16644900000E-01
   0.00000000000E+00   3.56791471000E-02   8.71304074000E-02   1.53367531000E-01
   2.65202453000E-01   4.20198084000E-01   5.40490808000E-01   6.30123726000E-01
   7.20596144000E-01   8.73830875000E-01   9.52541191000E-01   9.92270798000E-01
   1.00000000000E+00                   2                  15  -1.00000000000E+00
  -9.40000000000E-01  -8.75000000000E-01  -7.81000000000E-01  -6.25000000000E-01
  -3.75000000000E-01  -1.25000000000E-01   3.13000000000E-02   1.88000000000E-01
   3.44000000000E-01   6.88000000000E-01   8.75000000000E-01   9.38000000000E-01
   9.85000000000E-01   1.00000000000E+00   5.91991300000E-01   5.67933600000E-01
   5.50007800000E-01   5.32359400000E-01   5.12855900000E-01   4.90344900000E-01
   4.73738300000E-01   4.68299600000E-01   4.68875600000E-01   4.76326700000E-01
   5.03532700000E-01   5.16318600000E-01   5.25551200000E-01   5.37346600000E-01
   5.42387300000E-01   0.00000000000E+00   3.47977500000E-02   7.11308500000E-02
   1.22002100000E-01   2.03528900000E-01   3.28929000000E-01   4.49439400000E-01
   5.23059700000E-01   5.96487400000E-01   6.70213200000E-01   8.38749000000E-01
   9.34105100000E-01   9.66924000000E-01   9.91902100000E-01   1.00000000000E+00
                   2                  17  -1.00000000000E+00  -9.52000000000E-01
  -8.90000000000E-01  -8.12000000000E-01  -6.87000000000E-01  -4.37000000000E-01
  -2.18000000000E-01  -6.25000000000E-02   6.25000000000E-02   1.88000000000E-01
   3.13000000000E-01   6.57000000000E-01   8.44000000000E-01   9.07000000000E-01
   9.54000000000E-01   9.99000000000E-01   1.00000000000E+00   6.08636500000E-01
   5.83244300000E-01   5.60574400000E-01   5.41345800000E-01   5.20478500000E-01
   4.90249800000E-01   4.69345500000E-01   4.59521000000E-01   4.56601000000E-01
   4.59503700000E-01   4.68654800000E-01   5.09534900000E-01   5.27383500000E-01
   5.37998200000E-01   5.51474000000E-01   5.71799800000E-01   5.72358500000E-01
   0.00000000000E+00   2.86051400000E-02   6.40635200000E-02   1.07038400000E-01
   1.73402400000E-01   2.99743400000E-01   4.04819100000E-01   4.77038500000E-01
   5.34296100000E-01   5.91781700000E-01   6.49791600000E-01   8.18040200000E-01
   9.14992100000E-01   9.48551600000E-01   9.74154200000E-01   9.99427900000E-01
   1.00000000000E+00                   2                  19  -1.00000000000E+00
  -9.60000000000E-01  -9.09000000000E-01  -8.43000000000E-01  -7.50000000000E-01
  -5.62000000000E-01  -3.12000000000E-01  -1.56000000000E-01  -3.12000000000E-02
   6.25000000000E-02   1.57000000000E-01   2.50000000000E-01   3.75000000000E-01
   6.25000000000E-01   8.44000000000E-01   8.91000000000E-01   9.38000000000E-01
   9.77000000000E-01   1.00000000000E+00   6.27072100000E-01   5.99916300000E-01
   5.75289700000E-01   5.53565100000E-01   5.32794300000E-01   5.02594200000E-01
   4.69335000000E-01   4.53496300000E-01   4.45938100000E-01   4.44461300000E-01
   4.47380000000E-01   4.54898000000E-01   4.71645100000E-01   5.13621100000E-01
   5.42045700000E-01   5.52121100000E-01   5.68163500000E-01   5.88720300000E-01
   6.05116400000E-01   0.00000000000E+00   2.45397749000E-02   5.45075309000E-02
   9.17597484000E-02   1.42275428000E-01   2.39601948000E-01   3.61093172000E-01
   4.33073987000E-01   4.89198698000E-01   5.30913906000E-01   5.73053415000E-01
   6.15009323000E-01   6.72918235000E-01   7.96076559000E-01   9.11672082000E-01
   9.37384987000E-01   9.63711693000E-01   9.86270897000E-01   1.00000000000E+00
                   2                  20  -1.00000000000E+00  -9.68000000000E-01
  -9.29000000000E-01  -8.75000000000E-01  -8.12000000000E-01  -7.02000000000E-01
  -4.37000000000E-01  -2.50000000000E-01  -1.25000000000E-01  -3.12000000000E-02
   6.25000000000E-02   1.57000000000E-01   2.50000000000E-01   3.44000000000E-01
   6.25000000000E-01   8.44000000000E-01   8.99000000000E-01   9.38000000000E-01
   9.69000000000E-01   1.00000000000E+00   6.48216100000E-01   6.20581200000E-01
   5.95436100000E-01   5.70908600000E-01   5.51144900000E-01   5.26786000000E-01
   4.80378300000E-01   4.52528400000E-01   4.38892600000E-01   4.32847300000E-01
   4.31483400000E-01   4.35674700000E-01   4.45644100000E-01   4.61216200000E-01
   5.20681900000E-01   5.56092200000E-01   5.71928400000E-01   5.90004500000E-01
   6.10648800000E-01   6.38870700000E-01   0.00000000000E+00   2.03007600000E-02
   4.40131000000E-02   7.55044100000E-02   1.10849100000E-01   1.70135300000E-01
   3.03584600000E-01   3.90811400000E-01   4.46525200000E-01   4.87409800000E-01
   5.27903700000E-01   5.68876900000E-01   6.09858200000E-01   6.52480600000E-01
   7.90437300000E-01   9.08344100000E-01   9.39364700000E-01   9.62022400000E-01
   9.80632500000E-01   1.00000000000E+00                   2                  24
  -1.00000000000E+00  -9.68000000000E-01  -9.29000000000E-01  -8.82000000000E-01
  -8.19000000000E-01  -7.18000000000E-01  -4.37000000000E-01  -2.65000000000E-01
  -1.40000000000E-01  -3.12000000000E-02   6.25000000000E-02   1.41000000000E-01
   2.19000000000E-01   3.13000000000E-01   4.38000000000E-01   6.10000000000E-01
   7.19000000000E-01   8.13000000000E-01   8.60000000000E-01   9.07000000000E-01
   9.38000000000E-01   9.69000000000E-01   9.99000000000E-01   1.00000000000E+00
   6.73335600000E-01   6.39550300000E-01   6.09393400000E-01   5.83829900000E-01
   5.60416000000E-01   5.34488200000E-01   4.76475700000E-01   4.45279100000E-01
   4.28148300000E-01   4.19403400000E-01   4.17955400000E-01   4.21854500000E-01
   4.30692900000E-01   4.47713400000E-01   4.78564600000E-01   5.23332900000E-01
   5.44807000000E-01   5.61283700000E-01   5.73080400000E-01   5.91778900000E-01
   6.10430700000E-01   6.36411500000E-01   6.70832800000E-01   6.72167300000E-01
   0.00000000000E+00   2.10061700000E-02   4.53605700000E-02   7.34013200000E-02
   1.09445100000E-01   1.64737800000E-01   3.06778200000E-01   3.86049100000E-01
   4.40638300000E-01   4.86745100000E-01   5.25975400000E-01   5.58937900000E-01
   5.92187200000E-01   6.33472300000E-01   6.91364700000E-01   7.77527900000E-01
   8.35741500000E-01   8.87727800000E-01   9.14385400000E-01   9.41759600000E-01
   9.60393800000E-01   9.79719900000E-01   9.99328600000E-01   1.00000000000E+00
                   2                  25  -1.00000000000E+00  -9.76000000000E-01
  -9.44000000000E-01  -9.06000000000E-01  -8.59000000000E-01  -7.96000000000E-01
  -6.87000000000E-01  -3.43000000000E-01  -2.18000000000E-01  -1.09000000000E-01
  -1.56000000000E-02   6.25000000000E-02   1.41000000000E-01   2.19000000000E-01
   2.82000000000E-01   3.75000000000E-01   5.94000000000E-01   7.04000000000E-01
   8.29000000000E-01   8.75000000000E-01   9.15000000000E-01   9.46000000000E-01
   9.69000000000E-01   9.93000000000E-01   1.00000000000E+00   7.03210000000E-01
   6.71382200000E-01   6.38684900000E-01   6.10332400000E-01   5.85580600000E-01
   5.62515000000E-01   5.33434700000E-01   4.52557500000E-01   4.28107000000E-01
   4.12478800000E-01   4.05024500000E-01   4.04032800000E-01   4.08560200000E-01
   4.18911700000E-01   4.31459600000E-01   4.55842000000E-01   5.22893700000E-01
   5.48682300000E-01   5.74076900000E-01   5.89566400000E-01   6.10931600000E-01
   6.35482600000E-01   6.59902600000E-01   6.92556700000E-01   7.03692600000E-01
   0.00000000000E+00   1.64951100000E-02   3.74561800000E-02   6.11875100000E-02
   8.92914700000E-02   1.25456500000E-01   1.85185800000E-01   3.54776500000E-01
   4.09818000000E-01   4.55629900000E-01   4.93807300000E-01   5.25401000000E-01
   5.57295300000E-01   5.89566700000E-01   6.16353400000E-01   6.57612900000E-01
   7.64784500000E-01   8.23721200000E-01   8.93893700000E-01   9.20657500000E-01
   9.44667500000E-01   9.63986900000E-01   9.78883800000E-01   9.95113300000E-01
   1.00000000000E+00                   2                  27  -1.00000000000E+00
  -9.76000000000E-01  -9.52000000000E-01  -9.21000000000E-01  -8.82000000000E-01
  -8.43000000000E-01  -7.81000000000E-01  -5.62000000000E-01  -3.19000000000E-01
  -2.02000000000E-01  -1.09000000000E-01  -3.12000000000E-02   4.69000000000E-02
   1.09000000000E-01   1.57000000000E-01   2.19000000000E-01   2.82000000000E-01
   3.75000000000E-01   5.87000000000E-01   6.85000000000E-01   8.13000000000E-01
   8.60000000000E-01   8.99000000000E-01   9.31000000000E-01   9.54000000000E-01
   9.77000000000E-01   1.00000000000E+00   7.37459000000E-01   6.99287400000E-01
   6.69110700000E-01   6.39118300000E-01   6.11619300000E-01   5.91595400000E-01
   5.68326900000E-01   5.06834400000E-01   4.41363800000E-01   4.15480300000E-01
   4.00224800000E-01   3.92289700000E-01   3.89700800000E-01   3.92022000000E-01
   3.96682800000E-01   4.06503400000E-01   4.20751000000E-01   4.48538400000E-01
   5.22525000000E-01   5.49088600000E-01   5.76540200000E-01   5.91832900000E-01
   6.12016700000E-01   6.36970300000E-01   6.61479800000E-01   6.93093000000E-01
   7.33474000000E-01   0.00000000000E+00   1.72409600000E-02   3.36617400000E-02
   5.39392900000E-02   7.83286700000E-02   1.01791400000E-01   1.37749000000E-01
   2.55479200000E-01   3.70685300000E-01   4.20810700000E-01   4.58741000000E-01
   4.89569800000E-01   5.20106500000E-01   5.44379000000E-01   5.63307900000E-01
   5.88206700000E-01   6.14265200000E-01   6.54687200000E-01   7.57619900000E-01
   8.10129000000E-01   8.82169200000E-01   9.09626000000E-01   9.33101100000E-01
   9.53084900000E-01   9.68017100000E-01   9.83594700000E-01   1.00000000000E+00
                   2                  29  -1.00000000000E+00  -9.76000000000E-01
  -9.52000000000E-01  -9.21000000000E-01  -8.90000000000E-01  -8.51000000000E-01
  -7.96000000000E-01  -6.87000000000E-01  -3.27000000000E-01  -2.18000000000E-01
  -1.25000000000E-01  -4.68000000000E-02   1.57000000000E-02   7.82000000000E-02
   1.41000000000E-01   1.88000000000E-01   2.50000000000E-01   3.13000000000E-01
   3.75000000000E-01   5.79000000000E-01   6.57000000000E-01   8.13000000000E-01
   8.60000000000E-01   8.91000000000E-01   9.23000000000E-01   9.46000000000E-01
   9.69000000000E-01   9.89000000000E-01   1.00000000000E+00   7.75411900000E-01
   7.30227300000E-01   6.94801200000E-01   6.59966900000E-01   6.34088000000E-01
   6.10081000000E-01   5.85766600000E-01   5.50118300000E-01   4.38350700000E-01
   4.09754200000E-01   3.90929000000E-01   3.80382300000E-01   3.76148800000E-01
   3.76175100000E-01   3.80899800000E-01   3.87670200000E-01   4.00845200000E-01
   4.18872700000E-01   4.40434600000E-01   5.20054200000E-01   5.44583800000E-01
   5.81046900000E-01   5.97873100000E-01   6.15081300000E-01   6.41098500000E-01
   6.66968000000E-01   7.00660400000E-01   7.37792400000E-01   7.61861300000E-01
   0.00000000000E+00   1.80676700000E-02   3.51680100000E-02   5.61669200000E-02
   7.62247700000E-02   1.00486100000E-01   1.33371900000E-01   1.95277600000E-01
   3.73202000000E-01   4.19423700000E-01   4.56655500000E-01   4.86813800000E-01
   5.10455400000E-01   5.33965500000E-01   5.57737700000E-01   5.75799100000E-01
   6.00243100000E-01   6.26064200000E-01   6.52702700000E-01   7.50672600000E-01
   7.92193500000E-01   8.79992700000E-01   9.07697300000E-01   9.26498100000E-01
   9.46597000000E-01   9.61639800000E-01   9.77367500000E-01   9.91752000000E-01
   1.00000000000E+00                   2                  31  -1.00000000000E+00
  -9.80000000000E-01  -9.60000000000E-01  -9.37000000000E-01  -9.06000000000E-01
  -8.75000000000E-01  -8.43000000000E-01  -7.82000000000E-01  -4.52000000000E-01
  -3.12000000000E-01  -2.18000000000E-01  -1.32000000000E-01  -6.25000000000E-02
   0.00000000000E+00   6.25000000000E-02   1.25000000000E-01   1.88000000000E-01
   2.50000000000E-01   3.13000000000E-01   3.75000000000E-01   5.63000000000E-01
   6.41000000000E-01   7.19000000000E-01   8.13000000000E-01   8.60000000000E-01
   8.91000000000E-01   9.15000000000E-01   9.38000000000E-01   9.62000000000E-01
   9.81000000000E-01   1.00000000000E+00   8.16180300000E-01   7.71305400000E-01
   7.34889700000E-01   7.01374000000E-01   6.66988900000E-01   6.41518100000E-01
   6.21548600000E-01   5.93694500000E-01   4.77453700000E-01   4.29173700000E-01
   4.01409800000E-01   3.81206900000E-01   3.69533200000E-01   3.63283000000E-01
   3.61631300000E-01   3.65066100000E-01   3.74015500000E-01   3.88267300000E-01
   4.07948200000E-01   4.31603000000E-01   5.12693600000E-01   5.40644200000E-01
   5.61439400000E-01   5.83782500000E-01   6.02029800000E-01   6.21145400000E-01
   6.42014500000E-01   6.68741800000E-01   7.05656900000E-01   7.42993500000E-01
   7.89000200000E-01   0.00000000000E+00   1.58748600000E-02   3.09368100000E-02
   4.74538400000E-02   6.86634600000E-02   8.89453200000E-02   1.09154400000E-01
   1.46219300000E-01   3.22958800000E-01   3.86422700000E-01   4.25460100000E-01
   4.59112600000E-01   4.85200800000E-01   5.08101300000E-01   5.30754900000E-01
   5.53464200000E-01   5.76745300000E-01   6.00376100000E-01   6.25456900000E-01
   6.51483000000E-01   7.40246900000E-01   7.81327100000E-01   8.24308400000E-01
   8.78133800000E-01   9.06000400000E-01   9.24959600000E-01   9.40117500000E-01
   9.55191200000E-01   9.71684000000E-01   9.85446200000E-01   1.00000000000E+00
                   2                  34  -1.00000000000E+00  -9.80000000000E-01
  -9.60000000000E-01  -9.37000000000E-01  -9.09000000000E-01  -8.75000000000E-01
  -8.35000000000E-01  -7.81000000000E-01  -5.62000000000E-01  -3.43000000000E-01
  -2.50000000000E-01  -1.63000000000E-01  -9.37000000000E-02  -3.12000000000E-02
   3.13000000000E-02   7.82000000000E-02   1.25000000000E-01   1.73000000000E-01
   2.19000000000E-01   2.82000000000E-01   3.44000000000E-01   4.38000000000E-01
   5.63000000000E-01   6.41000000000E-01   7.19000000000E-01   8.13000000000E-01
   8.52000000000E-01   8.83000000000E-01   9.07000000000E-01   9.31000000000E-01
   9.54000000000E-01   9.73000000000E-01   9.93000000000E-01   1.00000000000E+00
   8.58847700000E-01   8.07075100000E-01   7.65278600000E-01   7.27051900000E-01
   6.91426100000E-01   6.59722700000E-01   6.33002700000E-01   6.06930100000E-01
   5.23476200000E-01   4.36185900000E-01   4.03547600000E-01   3.78217900000E-01
   3.62734800000E-01   3.53083100000E-01   3.48159600000E-01   3.47927500000E-01
   3.50895600000E-01   3.57420800000E-01   3.67042800000E-01   3.85432600000E-01
   4.08820600000E-01   4.51389800000E-01   5.10060800000E-01   5.40032100000E-01
   5.61839600000E-01   5.84938400000E-01   6.00339800000E-01   6.19250200000E-01
   6.40170900000E-01   6.68637900000E-01   7.05107900000E-01   7.43715500000E-01
   7.94446000000E-01   8.15009200000E-01   0.00000000000E+00   1.66592300000E-02
   3.23827700000E-02   4.95445700000E-02   6.94032600000E-02   9.23727900000E-02
   1.18227300000E-01   1.51705500000E-01   2.75485000000E-01   3.80568000000E-01
   4.19615600000E-01   4.53622400000E-01   4.79296400000E-01   5.01665700000E-01
   5.23579500000E-01   5.39902700000E-01   5.56255200000E-01   5.73254800000E-01
   5.89917500000E-01   6.13620500000E-01   6.38242300000E-01   6.78672200000E-01
   7.38762900000E-01   7.79716500000E-01   8.22689500000E-01   8.76588100000E-01
   8.99701000000E-01   9.18604600000E-01   9.33717700000E-01   9.49423400000E-01
   9.65221500000E-01   9.78985300000E-01   9.94366900000E-01   1.00000000000E+00
                   2                  34  -1.00000000000E+00  -9.80000000000E-01
  -9.60000000000E-01  -9.37000000000E-01  -9.09000000000E-01  -8.76000000000E-01
  -8.35000000000E-01  -7.81000000000E-01  -5.62000000000E-01  -3.43000000000E-01
  -2.50000000000E-01  -1.71000000000E-01  -1.01000000000E-01  -4.68000000000E-02
   1.57000000000E-02   6.25000000000E-02   1.09000000000E-01   1.57000000000E-01
   2.12000000000E-01   2.66000000000E-01   3.13000000000E-01   3.75000000000E-01
   5.63000000000E-01   6.25000000000E-01   6.88000000000E-01   8.13000000000E-01
   8.52000000000E-01   8.83000000000E-01   9.07000000000E-01   9.31000000000E-01
   9.50000000000E-01   9.69000000000E-01   9.89000000000E-01   1.00000000000E+00
   9.02989000000E-01   8.43945800000E-01   7.96500100000E-01   7.53352600000E-01
   7.13449800000E-01   6.79188500000E-01   6.49095400000E-01   6.20964200000E-01
   5.30310700000E-01   4.33680200000E-01   3.97471900000E-01   3.71594500000E-01
   3.53488000000E-01   3.43175000000E-01   3.35915000000E-01   3.34105700000E-01
   3.35665600000E-01   3.40997900000E-01   3.51911100000E-01   3.67574100000E-01
   3.84937800000E-01   4.12329200000E-01   5.06766500000E-01   5.32850800000E-01
   5.53331000000E-01   5.85041400000E-01   6.01389300000E-01   6.21900100000E-01
   6.44879400000E-01   6.76410300000E-01   7.09144000000E-01   7.50377100000E-01
   8.04863800000E-01   8.40481300000E-01   0.00000000000E+00   1.74693500000E-02
   3.38738100000E-02   5.16971200000E-02   7.22323500000E-02   9.52108800000E-02
   1.22440700000E-01   1.56732300000E-01   2.82796900000E-01   3.88353900000E-01
   4.27002500000E-01   4.57380600000E-01   4.82758500000E-01   5.01638100000E-01
   5.22859700000E-01   5.38538200000E-01   5.54110400000E-01   5.70350300000E-01
   5.89405300000E-01   6.08831400000E-01   6.26515400000E-01   6.51230700000E-01
   7.37625700000E-01   7.69853800000E-01   8.04068500000E-01   8.75216800000E-01
   8.98352200000E-01   9.17313200000E-01   9.32514600000E-01   9.48370100000E-01
   9.61532900000E-01   9.75398400000E-01   9.90950800000E-01   1.00000000000E+00
                   2                  36  -1.00000000000E+00  -9.80000000000E-01
  -9.60000000000E-01  -9.37000000000E-01  -9.13000000000E-01  -8.90000000000E-01
  -8.59000000000E-01  -8.15000000000E-01  -7.50000000000E-01  -6.25000000000E-01
  -3.43000000000E-01  -2.50000000000E-01  -1.71000000000E-01  -1.01000000000E-01
  -4.68000000000E-02   0.00000000000E+00   4.69000000000E-02   1.01000000000E-01
   1.41000000000E-01   1.88000000000E-01   2.19000000000E-01   2.66000000000E-01
   3.13000000000E-01   3.75000000000E-01   5.63000000000E-01   6.25000000000E-01
   6.88000000000E-01   8.13000000000E-01   8.52000000000E-01   8.83000000000E-01
   9.07000000000E-01   9.27000000000E-01   9.46000000000E-01   9.66000000000E-01
   9.85000000000E-01   1.00000000000E+00   9.47827200000E-01   8.81212800000E-01
   8.27909100000E-01   7.79686400000E-01   7.40931000000E-01   7.12167600000E-01
   6.82734600000E-01   6.52768100000E-01   6.20799600000E-01   5.66717600000E-01
   4.31696600000E-01   3.92025800000E-01   3.63584700000E-01   3.43534300000E-01
   3.31953900000E-01   3.25113500000E-01   3.21517400000E-01   3.21804500000E-01
   3.25289300000E-01   3.33102500000E-01   3.40485700000E-01   3.55003900000E-01
   3.73293800000E-01   4.02333400000E-01   5.02952600000E-01   5.30568000000E-01
   5.51951500000E-01   5.84374500000E-01   6.01638800000E-01   6.23743600000E-01
   6.48797500000E-01   6.76880300000E-01   7.11247400000E-01   7.57381800000E-01
   8.12672500000E-01   8.65668200000E-01   0.00000000000E+00   1.82904000000E-02
   3.53816200000E-02   5.38689700000E-02   7.21163800000E-02   8.88270100000E-02
   1.10448000000E-01   1.39829100000E-01   1.81220100000E-01   2.55439900000E-01
   3.96216300000E-01   4.34519400000E-01   4.64366000000E-01   4.89115200000E-01
   5.07420900000E-01   5.22796300000E-01   5.37959800000E-01   5.55361700000E-01
   5.68303600000E-01   5.83775800000E-01   5.94216400000E-01   6.10560400000E-01
   6.27675400000E-01   6.51719800000E-01   7.36816700000E-01   7.68855800000E-01
   8.02955200000E-01   8.73975600000E-01   8.97102900000E-01   9.16096300000E-01
   9.31366800000E-01   9.44623600000E-01   9.57810800000E-01   9.72497100000E-01
   9.87412600000E-01   1.00000000000E+00                   2                  39
  -1.00000000000E+00  -9.84000000000E-01  -9.64000000000E-01  -9.44000000000E-01
  -9.21000000000E-01  -8.98000000000E-01  -8.67000000000E-01  -8.27000000000E-01
  -7.81000000000E-01  -6.25000000000E-01  -4.68000000000E-01  -3.27000000000E-01
  -2.50000000000E-01  -1.71000000000E-01  -1.09000000000E-01  -4.68000000000E-02
   0.00000000000E+00   4.69000000000E-02   9.38000000000E-02   1.41000000000E-01
   1.88000000000E-01   2.35000000000E-01   2.82000000000E-01   3.13000000000E-01
   3.75000000000E-01   5.63000000000E-01   6.25000000000E-01   6.88000000000E-01
   7.98000000000E-01   8.29000000000E-01   8.60000000000E-01   8.83000000000E-01
   9.07000000000E-01   9.27000000000E-01   9.46000000000E-01   9.62000000000E-01
   9.77000000000E-01   9.93000000000E-01   1.00000000000E+00   9.92521200000E-01
   9.31672600000E-01   8.69595200000E-01   8.20183600000E-01   7.75691700000E-01
   7.41354900000E-01   7.06724900000E-01   6.75012800000E-01   6.48525400000E-01
   5.76002500000E-01   4.94861400000E-01   4.22322000000E-01   3.87179500000E-01
   3.56290200000E-01   3.36565700000E-01   3.21502000000E-01   3.13731100000E-01
   3.09380300000E-01   3.08796300000E-01   3.12305000000E-01   3.20096200000E-01
   3.32260100000E-01   3.48698800000E-01   3.61731100000E-01   3.92265900000E-01
   4.98745600000E-01   5.27839200000E-01   5.50089700000E-01   5.78265600000E-01
   5.89474200000E-01   6.06467800000E-01   6.25035400000E-01   6.52181300000E-01
   6.82802400000E-01   7.20445600000E-01   7.60001100000E-01   8.04801700000E-01
   8.62166500000E-01   8.90760300000E-01   0.00000000000E+00   1.53935500000E-02
   3.34062300000E-02   5.03040200000E-02   6.86565900000E-02   8.61026300000E-02
   1.08547900000E-01   1.36182700000E-01   1.66624100000E-01   2.62137300000E-01
   3.46200100000E-01   4.10861500000E-01   4.42027300000E-01   4.71394400000E-01
   4.92872900000E-01   5.13338800000E-01   5.28203300000E-01   5.42815300000E-01
   5.57311500000E-01   5.71969500000E-01   5.86830900000E-01   6.02161300000E-01
   6.18163800000E-01   6.29175500000E-01   6.52549400000E-01   7.36304500000E-01
   7.68128600000E-01   8.02083400000E-01   8.64142900000E-01   8.82242900000E-01
   9.00780000000E-01   9.14942300000E-01   9.30268900000E-01   9.43618700000E-01
   9.56949600000E-01   9.68793200000E-01   9.80529200000E-01   9.93864900000E-01
   1.00000000000E+00                   2                  41  -1.00000000000E+00
  -9.84000000000E-01  -9.68000000000E-01  -9.48000000000E-01  -9.29000000000E-01
  -9.06000000000E-01  -8.78000000000E-01  -8.51000000000E-01  -8.12000000000E-01
  -7.50000000000E-01  -6.25000000000E-01  -5.00000000000E-01  -3.43000000000E-01
  -2.50000000000E-01  -1.87000000000E-01  -1.25000000000E-01  -6.25000000000E-02
  -1.56000000000E-02   3.13000000000E-02   7.82000000000E-02   1.25000000000E-01
   1.73000000000E-01   2.19000000000E-01   2.66000000000E-01   3.13000000000E-01
   3.74000000000E-01   4.38000000000E-01   5.56000000000E-01   6.22000000000E-01
   6.85000000000E-01   7.98000000000E-01   8.29000000000E-01   8.60000000000E-01
   8.83000000000E-01   9.07000000000E-01   9.27000000000E-01   9.46000000000E-01
   9.62000000000E-01   9.77000000000E-01   9.93000000000E-01   1.00000000000E+00
   1.03626700000E+00   9.68884800000E-01   9.12830700000E-01   8.55930100000E-01
   8.12874900000E-01   7.71982900000E-01   7.34630700000E-01   7.07762400000E-01
   6.79028000000E-01   6.45459900000E-01   5.84796500000E-01   5.16382200000E-01
   4.28893500000E-01   3.82933200000E-01   3.55978900000E-01   3.33506500000E-01
   3.15603000000E-01   3.05756100000E-01   2.99376300000E-01   2.96827000000E-01
   2.98444300000E-01   3.04714200000E-01   3.15268800000E-01   3.30641100000E-01
   3.50410900000E-01   3.81725300000E-01   4.19410700000E-01   4.90451200000E-01
   5.23537300000E-01   5.47036000000E-01   5.76642400000E-01   5.88274400000E-01
   6.06230500000E-01   6.26085300000E-01   6.55341600000E-01   6.88528800000E-01
   7.29491700000E-01   7.72667500000E-01   8.21686200000E-01   8.84590000000E-01
   9.15991600000E-01   0.00000000000E+00   1.60412116000E-02   3.10949331000E-02
   4.87825449000E-02   6.46361965000E-02   8.28620583000E-02   1.03954610000E-01
   1.23426912000E-01   1.50469315000E-01   1.91528419000E-01   2.68419427000E-01
   3.37243134000E-01   4.11447241000E-01   4.49197145000E-01   4.72472847000E-01
   4.93846849000E-01   5.14131551000E-01   5.28702453000E-01   5.42892854000E-01
   5.56873856000E-01   5.70803157000E-01   5.85278959000E-01   5.99538560000E-01
   6.14717461000E-01   6.30722163000E-01   6.53052365000E-01   6.78688768000E-01
   7.32370673000E-01   7.65832277000E-01   7.99555380000E-01   8.63043186000E-01
   8.81099388000E-01   8.99614190000E-01   9.13785791000E-01   9.29162893000E-01
   9.42601594000E-01   9.56072796000E-01   9.68090097000E-01   9.80047798000E-01
   9.93697999000E-01   1.00000000000E+00                   2                  42
  -1.00000000000E+00  -9.84000000000E-01  -9.68000000000E-01  -9.48000000000E-01
  -9.29000000000E-01  -9.06000000000E-01  -8.82000000000E-01  -8.51000000000E-01
  -8.12000000000E-01  -7.50000000000E-01  -6.25000000000E-01  -5.00000000000E-01
  -3.75000000000E-01  -2.81000000000E-01  -2.02000000000E-01  -1.40000000000E-01
  -7.81000000000E-02  -3.12000000000E-02   1.57000000000E-02   6.25000000000E-02
   1.09000000000E-01   1.49000000000E-01   1.88000000000E-01   2.27000000000E-01
   2.74000000000E-01   3.13000000000E-01   3.68000000000E-01   4.38000000000E-01
   5.56000000000E-01   6.18000000000E-01   6.81000000000E-01   7.98000000000E-01
   8.29000000000E-01   8.60000000000E-01   8.83000000000E-01   9.03000000000E-01
   9.23000000000E-01   9.42000000000E-01   9.58000000000E-01   9.73000000000E-01
   9.89000000000E-01   1.00000000000E+00   1.07846700000E+00   1.00446500000E+00
   9.43076300000E-01   8.80980400000E-01   8.34200800000E-01   7.90011200000E-01
   7.54925900000E-01   7.21392300000E-01   6.91176400000E-01   6.56253500000E-01
   5.92855600000E-01   5.20550100000E-01   4.46083400000E-01   3.94750800000E-01
   3.57145900000E-01   3.32101200000E-01   3.11718700000E-01   2.99800100000E-01
   2.91323400000E-01   2.86688400000E-01   2.86253600000E-01   2.89470600000E-01
   2.95974700000E-01   3.05886200000E-01   3.22324800000E-01   3.39509500000E-01
   3.68529400000E-01   4.11322600000E-01   4.85814000000E-01   5.18616800000E-01
   5.43596500000E-01   5.75133900000E-01   5.87217200000E-01   6.06162700000E-01
   6.27326000000E-01   6.52696900000E-01   6.86532300000E-01   7.28551000000E-01
   7.73059800000E-01   8.23797400000E-01   8.89153600000E-01   9.41780200000E-01
   0.00000000000E+00   1.66634600000E-02   3.22437900000E-02   5.04843600000E-02
   6.67785800000E-02   8.54570200000E-02   1.03996300000E-01   1.26879200000E-01
   1.54424300000E-01   1.96194600000E-01   2.74263900000E-01   3.43851800000E-01
   4.04266400000E-01   4.43785600000E-01   4.73485500000E-01   4.94852200000E-01
   5.14778400000E-01   5.29118500000E-01   5.42980300000E-01   5.56505800000E-01
   5.69826700000E-01   5.81341200000E-01   5.92757400000E-01   6.04493700000E-01
   6.19256700000E-01   6.32162500000E-01   6.51633600000E-01   6.78928400000E-01
   7.31859500000E-01   7.62996900000E-01   7.96456600000E-01   8.61902300000E-01
   8.79918700000E-01   8.98416100000E-01   9.12601200000E-01   9.25401400000E-01
   9.38793700000E-01   9.52237000000E-01   9.64249900000E-01   9.76226300000E-01
   9.89929900000E-01   1.00000000000E+00                   2                  45
  -1.00000000000E+00  -9.84000000000E-01  -9.68000000000E-01  -9.52000000000E-01
  -9.33000000000E-01  -9.13000000000E-01  -8.90000000000E-01  -8.67000000000E-01
  -8.35000000000E-01  -7.96000000000E-01  -6.25000000000E-01  -5.01000000000E-01
  -3.75000000000E-01  -2.81000000000E-01  -2.18000000000E-01  -1.56000000000E-01
  -9.37000000000E-02  -4.68000000000E-02   0.00000000000E+00   4.69000000000E-02
   8.60000000000E-02   1.25000000000E-01   1.65000000000E-01   2.04000000000E-01
   2.43000000000E-01   2.82000000000E-01   3.13000000000E-01   3.60000000000E-01
   4.23000000000E-01   5.48000000000E-01   6.10000000000E-01   6.57000000000E-01
   7.19000000000E-01   7.98000000000E-01   8.29000000000E-01   8.52000000000E-01
   8.79000000000E-01   8.99000000000E-01   9.19000000000E-01   9.37000000000E-01
   9.54000000000E-01   9.69000000000E-01   9.81000000000E-01   9.93000000000E-01
   1.00000000000E+00   1.15599300000E+00   1.06866800000E+00   9.96620000000E-01
   9.37331000000E-01   8.80533400000E-01   8.33550800000E-01   7.92039100000E-01
   7.60517300000E-01   7.28127000000E-01   6.99643700000E-01   6.05907700000E-01
   5.27943500000E-01   4.46226500000E-01   3.90483300000E-01   3.57301800000E-01
   3.28608000000E-01   3.04321100000E-01   2.89478700000E-01   2.78035600000E-01
   2.70388600000E-01   2.67283700000E-01   2.67442500000E-01   2.71240000000E-01
   2.78677100000E-01   2.89898100000E-01   3.04875300000E-01   3.19344400000E-01
   3.45189300000E-01   3.85632700000E-01   4.71751700000E-01   5.08513000000E-01
   5.30567700000E-01   5.51453900000E-01   5.72955200000E-01   5.86025900000E-01
   6.00566200000E-01   6.26040500000E-01   6.53163600000E-01   6.89702200000E-01
   7.32758400000E-01   7.84311700000E-01   8.40305300000E-01   8.93344000000E-01
   9.54720600000E-01   9.94778300000E-01   0.00000000000E+00   1.77972936000E-02
   3.43195969000E-02   4.97912100000E-02   6.70609234000E-02   8.42017668000E-02
   1.02896021000E-01   1.20750424000E-01   1.44568729000E-01   1.72410234000E-01
   2.84034857000E-01   3.54333671000E-01   4.15706383000E-01   4.55031791000E-01
   4.78586996000E-01   4.99850200000E-01   5.19565904000E-01   5.33490507000E-01
   5.46770309000E-01   5.59630812000E-01   5.70142314000E-01   5.80569516000E-01
   5.91343218000E-01   6.02066620000E-01   6.13153823000E-01   6.24751925000E-01
   6.34427327000E-01   6.50043830000E-01   6.73064735000E-01   7.26651245000E-01
   7.57039451000E-01   7.81457856000E-01   8.15000563000E-01   8.59414772000E-01
   8.77378975000E-01   8.91024778000E-01   9.07583982000E-01   9.20375984000E-01
   9.33804687000E-01   9.46606789000E-01   9.59501892000E-01   9.71686494000E-01
   9.82088396000E-01   9.93176799000E-01   1.00000000000E+00                   2
                  47  -1.00000000000E+00  -9.88000000000E-01  -9.72000000000E-01
  -9.56000000000E-01  -9.38000000000E-01  -9.21000000000E-01  -9.02000000000E-01
  -8.78000000000E-01  -8.51000000000E-01  -8.15000000000E-01  -7.65000000000E-01
  -6.32000000000E-01  -5.31000000000E-01  -3.75000000000E-01  -2.84000000000E-01
  -2.18000000000E-01  -1.56000000000E-01  -9.37000000000E-02  -4.68000000000E-02
   0.00000000000E+00   4.69000000000E-02   8.60000000000E-02   1.25000000000E-01
   1.65000000000E-01   2.04000000000E-01   2.43000000000E-01   2.82000000000E-01
   3.13000000000E-01   3.60000000000E-01   4.07000000000E-01   5.60000000000E-01
   6.18000000000E-01   6.73000000000E-01   7.35000000000E-01   7.98000000000E-01
   8.29000000000E-01   8.52000000000E-01   8.75000000000E-01   8.95000000000E-01
   9.11000000000E-01   9.27000000000E-01   9.42000000000E-01   9.58000000000E-01
   9.73000000000E-01   9.85000000000E-01   9.99000000000E-01   1.00000000000E+00
   1.22527700000E+00   1.14790500000E+00   1.06102100000E+00   9.89900000000E-01
   9.25397200000E-01   8.76750700000E-01   8.33624800000E-01   7.92184900000E-01
   7.58102800000E-01   7.25898300000E-01   6.94048500000E-01   6.20005900000E-01
   5.53808900000E-01   4.46353800000E-01   3.89309800000E-01   3.52491400000E-01
   3.21947900000E-01   2.95696800000E-01   2.79285100000E-01   2.66221500000E-01
   2.56952800000E-01   2.52560100000E-01   2.51558700000E-01   2.54367700000E-01
   2.61108400000E-01   2.71961700000E-01   2.86951100000E-01   3.01723600000E-01
   3.28535900000E-01   3.59771700000E-01   4.71756700000E-01   5.07679700000E-01
   5.33705400000E-01   5.53832400000E-01   5.71971800000E-01   5.85980900000E-01
   6.01809000000E-01   6.24908100000E-01   6.53236200000E-01   6.83106200000E-01
   7.20943700000E-01   7.65132100000E-01   8.23363800000E-01   8.90234800000E-01
   9.53658500000E-01   1.04044800000E+00   1.04722300000E+00   0.00000000000E+00
   1.42390914000E-02   3.19105032000E-02   4.83178748000E-02   6.55555466000E-02
   8.08738081000E-02   9.71223797000E-02   1.16632112000E-01   1.37561014000E-01
   1.64273016000E-01   1.99771720000E-01   2.87156329000E-01   3.46433935000E-01
   4.24446642000E-01   4.62469346000E-01   4.86948749000E-01   5.07856351000E-01
   5.27095953000E-01   5.40579254000E-01   5.53344155000E-01   5.65612557000E-01
   5.75573558000E-01   5.85403859000E-01   5.95522360000E-01   6.05574161000E-01
   6.15969062000E-01   6.26867863000E-01   6.35992364000E-01   6.50803465000E-01
   6.66978667000E-01   7.30590573000E-01   7.58994276000E-01   7.87632379000E-01
   8.21346082000E-01   8.56808886000E-01   8.74757187000E-01   8.88416789000E-01
   9.02523990000E-01   9.15305392000E-01   9.25996093000E-01   9.37228494000E-01
   9.48374095000E-01   9.61082096000E-01   9.73934097000E-01   9.84997499000E-01
   9.98956200000E-01   1.00000000000E+00                   2                  51
  -1.00000000000E+00  -9.88000000000E-01  -9.76000000000E-01  -9.64000000000E-01
  -9.48000000000E-01  -9.33000000000E-01  -9.17000000000E-01  -8.98000000000E-01
  -8.75000000000E-01  -8.51000000000E-01  -8.19000000000E-01  -7.81000000000E-01
  -6.56000000000E-01  -5.63000000000E-01  -3.75000000000E-01  -2.88000000000E-01
  -2.18000000000E-01  -1.56000000000E-01  -9.37000000000E-02  -4.68000000000E-02
   0.00000000000E+00   3.91000000000E-02   7.82000000000E-02   1.17000000000E-01
   1.49000000000E-01   1.73000000000E-01   2.04000000000E-01   2.35000000000E-01
   2.66000000000E-01   2.98000000000E-01   3.13000000000E-01   3.44000000000E-01
   3.91000000000E-01   4.54000000000E-01   5.56000000000E-01   6.10000000000E-01
   6.57000000000E-01   7.12000000000E-01   7.98000000000E-01   8.29000000000E-01
   8.56000000000E-01   8.79000000000E-01   8.99000000000E-01   9.15000000000E-01
   9.31000000000E-01   9.46000000000E-01   9.58000000000E-01   9.69000000000E-01
   9.81000000000E-01   9.93000000000E-01   1.00000000000E+00   1.28717500000E+00
   1.19942700000E+00   1.12401800000E+00   1.05936300000E+00   9.87468200000E-01
   9.32566200000E-01   8.84966300000E-01   8.40284100000E-01   7.99428000000E-01
   7.68025900000E-01   7.37916500000E-01   7.12054300000E-01   6.42378800000E-01
   5.81233300000E-01   4.46089200000E-01   3.89463100000E-01   3.48948800000E-01
   3.17192700000E-01   2.89540800000E-01   2.71908200000E-01   2.57491900000E-01
   2.48276100000E-01   2.42032600000E-01   2.39170400000E-01   2.39583800000E-01
   2.41668500000E-01   2.46737300000E-01   2.54584400000E-01   2.65261800000E-01
   2.79229600000E-01   2.86777800000E-01   3.04290700000E-01   3.35225100000E-01
   3.82722100000E-01   4.62511200000E-01   4.99105600000E-01   5.24594700000E-01
   5.46100600000E-01   5.71739000000E-01   5.86412300000E-01   6.06892100000E-01
   6.33437900000E-01   6.66187800000E-01   7.00839100000E-01   7.44837900000E-01
   7.96321100000E-01   8.45900800000E-01   8.98878000000E-01   9.65971300000E-01
   1.04401600000E+00   1.09515500000E+00   0.00000000000E+00   1.49196100000E-02
   2.88602800000E-02   4.19605700000E-02   5.83352200000E-02   7.27354800000E-02
   8.72757400000E-02   1.03665600000E-01   1.22522300000E-01   1.41331700000E-01
   1.65426800000E-01   1.92976200000E-01   2.77628300000E-01   3.34526300000E-01
   4.31094600000E-01   4.67441100000E-01   4.93285500000E-01   5.13935900000E-01
   5.32835600000E-01   5.46001600000E-01   5.58389600000E-01   5.68277400000E-01
   5.77862900000E-01   5.87198200000E-01   5.94858300000E-01   6.00633300000E-01
   6.08203600000E-01   6.15974100000E-01   6.24031700000E-01   6.32743600000E-01
   6.36988700000E-01   6.46150300000E-01   6.61178900000E-01   6.83794200000E-01
   7.26901100000E-01   7.52864800000E-01   7.76921800000E-01   8.06365900000E-01
   8.54433000000E-01   8.72384300000E-01   8.88493900000E-01   9.02757700000E-01
   9.15754000000E-01   9.26690200000E-01   9.38255600000E-01   9.49814300000E-01
   9.59667600000E-01   9.69263900000E-01   9.80453000000E-01   9.92512900000E-01
   1.00000000000E+00                   2                  52  -1.00000000000E+00
  -9.88000000000E-01  -9.76000000000E-01  -9.64000000000E-01  -9.52000000000E-01
  -9.37000000000E-01  -9.21000000000E-01  -9.02000000000E-01  -8.82000000000E-01
  -8.59000000000E-01  -8.35000000000E-01  -7.96000000000E-01  -6.56000000000E-01
  -5.77000000000E-01  -3.78000000000E-01  -2.96000000000E-01  -2.34000000000E-01
  -1.63000000000E-01  -1.01000000000E-01  -4.68000000000E-02   0.00000000000E+00
   3.91000000000E-02   7.82000000000E-02   1.17000000000E-01   1.49000000000E-01
   1.73000000000E-01   2.04000000000E-01   2.35000000000E-01   2.66000000000E-01
   2.98000000000E-01   3.13000000000E-01   3.44000000000E-01   3.91000000000E-01
   4.38000000000E-01   5.62000000000E-01   6.10000000000E-01   6.57000000000E-01
   7.04000000000E-01   7.98000000000E-01   8.29000000000E-01   8.52000000000E-01
   8.75000000000E-01   8.91000000000E-01   9.07000000000E-01   9.23000000000E-01
   9.38000000000E-01   9.50000000000E-01   9.62000000000E-01   9.73000000000E-01
   9.85000000000E-01   9.97000000000E-01   1.00000000000E+00   1.34293300000E+00
   1.24479400000E+00   1.16079000000E+00   1.08908200000E+00   1.02803600000E+00
   9.64522400000E-01   9.09863500000E-01   8.59073400000E-01   8.18492600000E-01
   7.83914200000E-01   7.57527100000E-01   7.27416900000E-01   6.48947800000E-01
   5.95825600000E-01   4.47310800000E-01   3.92189200000E-01   3.54871100000E-01
   3.16915200000E-01   2.88075600000E-01   2.66506200000E-01   2.51093500000E-01
   2.40932000000E-01   2.33680400000E-01   2.29811100000E-01   2.29435800000E-01
   2.30980200000E-01   2.35448000000E-01   2.42837300000E-01   2.53233800000E-01
   2.67127400000E-01   2.74722800000E-01   2.92507500000E-01   3.24306200000E-01
   3.60662800000E-01   4.62453000000E-01   4.96620200000E-01   5.23620400000E-01
   5.43425800000E-01   5.71987200000E-01   5.86830300000E-01   6.04152700000E-01
   6.30079300000E-01   6.55136100000E-01   6.87667500000E-01   7.29441200000E-01
   7.78813800000E-01   8.26746200000E-01   8.83375900000E-01   9.43979900000E-01
   1.02084600000E+00   1.11039300000E+00   1.13495200000E+00   0.00000000000E+00
   1.55263600000E-02   2.99598600000E-02   4.34590900000E-02   5.61618000000E-02
   7.11059900000E-02   8.61010800000E-02   1.02906000000E-01   1.19681700000E-01
   1.38109400000E-01   1.56606700000E-01   1.85563100000E-01   2.81908600000E-01
   3.31077100000E-01   4.34869200000E-01   4.69288700000E-01   4.92447600000E-01
   5.16296000000E-01   5.35050700000E-01   5.50079900000E-01   5.62191700000E-01
   5.71810800000E-01   5.81089500000E-01   5.90081200000E-01   5.97429200000E-01
   6.02954200000E-01   6.10183800000E-01   6.17597200000E-01   6.25286300000E-01
   6.33612100000E-01   6.37676000000E-01   6.46468100000E-01   6.60963200000E-01
   6.77060000000E-01   7.28093200000E-01   7.51111000000E-01   7.75086700000E-01
   8.00162300000E-01   8.52586700000E-01   8.70548400000E-01   8.84244700000E-01
   8.98438400000E-01   9.08720100000E-01   9.19462500000E-01   9.30799400000E-01
   9.42111300000E-01   9.51744700000E-01   9.62005400000E-01   9.72055900000E-01
   9.83844900000E-01   9.96632300000E-01   1.00000000000E+00                   2
                  53  -1.00000000000E+00  -9.88000000000E-01  -9.76000000000E-01
  -9.64000000000E-01  -9.52000000000E-01  -9.37000000000E-01  -9.21000000000E-01
  -9.06000000000E-01  -8.86000000000E-01  -8.63000000000E-01  -8.35000000000E-01
  -8.04000000000E-01  -6.87000000000E-01  -6.25000000000E-01  -5.34000000000E-01
  -4.06000000000E-01  -3.27000000000E-01  -2.53000000000E-01  -1.87000000000E-01
  -1.25000000000E-01  -6.25000000000E-02  -1.56000000000E-02   3.13000000000E-02
   7.04000000000E-02   1.09000000000E-01   1.41000000000E-01   1.73000000000E-01
   2.04000000000E-01   2.35000000000E-01   2.66000000000E-01   2.98000000000E-01
   3.29000000000E-01   3.44000000000E-01   3.83000000000E-01   4.31000000000E-01
   5.63000000000E-01   6.10000000000E-01   6.57000000000E-01   7.04000000000E-01
   7.98000000000E-01   8.29000000000E-01   8.52000000000E-01   8.75000000000E-01
   8.91000000000E-01   9.07000000000E-01   9.23000000000E-01   9.38000000000E-01
   9.50000000000E-01   9.62000000000E-01   9.73000000000E-01   9.85000000000E-01
   9.97000000000E-01   1.00000000000E+00   1.39350600000E+00   1.28499500000E+00
   1.19249300000E+00   1.11389100000E+00   1.04731300000E+00   9.78485200000E-01
   9.19750300000E-01   8.75908100000E-01   8.30791400000E-01   7.93099400000E-01
   7.61273000000E-01   7.37049800000E-01   6.73606900000E-01   6.34713800000E-01
   5.66876500000E-01   4.66337000000E-01   4.09675800000E-01   3.62623900000E-01
   3.25646800000E-01   2.95013400000E-01   2.68253700000E-01   2.51257200000E-01
   2.37464100000E-01   2.28926200000E-01   2.23648300000E-01   2.22007100000E-01
   2.23144100000E-01   2.27132300000E-01   2.34147200000E-01   2.44308500000E-01
   2.58136100000E-01   2.74699200000E-01   2.83783300000E-01   3.10385800000E-01
   3.48045500000E-01   4.60994800000E-01   4.96052600000E-01   5.24289100000E-01
   5.44684100000E-01   5.72318500000E-01   5.86609000000E-01   6.03728200000E-01
   6.29870200000E-01   6.55482700000E-01   6.89052200000E-01   7.32508700000E-01
   7.84219200000E-01   8.34683800000E-01   8.94558400000E-01   9.58875900000E-01
   1.04073900000E+00   1.13643500000E+00   1.16273300000E+00   0.00000000000E+00
   1.60710100000E-02   3.09359400000E-02   4.47742400000E-02   5.77414600000E-02
   7.29349500000E-02   8.81208300000E-02   1.01588300000E-01   1.18655300000E-01
   1.37330000000E-01   1.59091200000E-01   1.82315200000E-01   2.64838600000E-01
   3.05396500000E-01   3.60068900000E-01   4.26194600000E-01   4.60797100000E-01
   4.89372200000E-01   5.12085100000E-01   5.31325600000E-01   5.48927700000E-01
   5.61110200000E-01   5.72570700000E-01   5.81688600000E-01   5.90423300000E-01
   5.97553800000E-01   6.04676200000E-01   6.11655500000E-01   6.18805300000E-01
   6.26221400000E-01   6.34260500000E-01   6.42519400000E-01   6.46708000000E-01
   6.58294300000E-01   6.74096700000E-01   7.27493400000E-01   7.49984000000E-01
   7.73962000000E-01   7.99082900000E-01   8.51582000000E-01   8.69545400000E-01
   8.83234300000E-01   8.97420700000E-01   9.07703500000E-01   9.18459800000E-01
   9.29832300000E-01   9.41207800000E-01   9.50921200000E-01   9.61296700000E-01
   9.71490600000E-01   9.83488300000E-01   9.96551300000E-01   1.00000000000E+00
                   2                  57  -1.00000000000E+00  -9.88000000000E-01
  -9.76000000000E-01  -9.64000000000E-01  -9.52000000000E-01  -9.37000000000E-01
  -9.21000000000E-01  -9.06000000000E-01  -8.90000000000E-01  -8.71000000000E-01
  -8.51000000000E-01  -8.27000000000E-01  -7.84000000000E-01  -6.87000000000E-01
  -6.25000000000E-01  -5.46000000000E-01  -4.06000000000E-01  -3.43000000000E-01
  -2.81000000000E-01  -2.18000000000E-01  -1.56000000000E-01  -9.37000000000E-02
  -4.68000000000E-02   0.00000000000E+00   4.69000000000E-02   8.60000000000E-02
   1.17000000000E-01   1.49000000000E-01   1.73000000000E-01   2.04000000000E-01
   2.35000000000E-01   2.66000000000E-01   2.98000000000E-01   3.29000000000E-01
   3.44000000000E-01   3.83000000000E-01   4.31000000000E-01   5.63000000000E-01
   6.10000000000E-01   6.49000000000E-01   6.88000000000E-01   7.35000000000E-01
   7.98000000000E-01   8.29000000000E-01   8.52000000000E-01   8.60000000000E-01
   8.79000000000E-01   8.95000000000E-01   9.11000000000E-01   9.23000000000E-01
   9.37000000000E-01   9.50000000000E-01   9.62000000000E-01   9.73000000000E-01
   9.85000000000E-01   9.97000000000E-01   1.00000000000E+00   1.44007600000E+00
   1.32124700000E+00   1.22037300000E+00   1.13505500000E+00   1.06316500000E+00
   9.89339200000E-01   9.26894500000E-01   8.80766600000E-01   8.42163200000E-01
   8.07400100000E-01   7.80500100000E-01   7.57305300000E-01   7.29638200000E-01
   6.80405500000E-01   6.40624100000E-01   5.79449300000E-01   4.64250800000E-01
   4.17113500000E-01   3.75492800000E-01   3.38087700000E-01   3.05685200000E-01
   2.77186400000E-01   2.58467100000E-01   2.42458200000E-01   2.29660200000E-01
   2.22040500000E-01   2.18351500000E-01   2.17053600000E-01   2.17936900000E-01
   2.21646000000E-01   2.28447700000E-01   2.38493500000E-01   2.52335100000E-01
   2.69064600000E-01   2.78288400000E-01   3.05442200000E-01   3.44145700000E-01
   4.61259100000E-01   4.97689400000E-01   5.22464300000E-01   5.41342300000E-01
   5.56750000000E-01   5.72598500000E-01   5.85472100000E-01   6.01554200000E-01
   6.09114500000E-01   6.32517200000E-01   6.59711000000E-01   6.95691700000E-01
   7.29727800000E-01   7.78601000000E-01   8.34375300000E-01   8.96236600000E-01
   9.62997500000E-01   1.04833500000E+00   1.14850400000E+00   1.17609700000E+00
   0.00000000000E+00   1.65679400000E-02   3.18176600000E-02   4.59502300000E-02
   5.91395500000E-02   7.45333300000E-02   8.98632000000E-02   1.03420700000E-01
   1.17204100000E-01   1.32875000000E-01   1.48754000000E-01   1.67207700000E-01
   1.99177000000E-01   2.67564100000E-01   3.08516000000E-01   3.56708900000E-01
   4.29767900000E-01   4.57530900000E-01   4.82101700000E-01   5.04579500000E-01
   5.24536500000E-01   5.42693000000E-01   5.55254100000E-01   5.66975800000E-01
   5.78047000000E-01   5.86877700000E-01   5.93703800000E-01   6.00670300000E-01
   6.05890200000E-01   6.12703700000E-01   6.19680200000E-01   6.26917800000E-01
   6.34771100000E-01   6.42852800000E-01   6.46957900000E-01   6.58340600000E-01
   6.73930700000E-01   7.27087400000E-01   7.49622700000E-01   7.69515700000E-01
   7.90259900000E-01   8.16065100000E-01   8.51639600000E-01   8.69589700000E-01
   8.83240500000E-01   8.88083200000E-01   8.99878700000E-01   9.10216500000E-01
   9.21059700000E-01   9.29612200000E-01   9.40170500000E-01   9.50654800000E-01
   9.61038500000E-01   9.71264300000E-01   9.83332300000E-01   9.96513300000E-01
   1.00000000000E+00                   2                  57  -1.00000000000E+00
  -9.88000000000E-01  -9.76000000000E-01  -9.64000000000E-01  -9.52000000000E-01
  -9.38000000000E-01  -9.25000000000E-01  -9.09000000000E-01  -8.94000000000E-01
  -8.75000000000E-01  -8.55000000000E-01  -8.27000000000E-01  -7.84000000000E-01
  -7.18000000000E-01  -6.56000000000E-01  -5.93000000000E-01  -4.06000000000E-01
  -3.43000000000E-01  -2.81000000000E-01  -2.18000000000E-01  -1.56000000000E-01
  -9.37000000000E-02  -4.68000000000E-02   0.00000000000E+00   4.69000000000E-02
   8.60000000000E-02   1.25000000000E-01   1.57000000000E-01   1.88000000000E-01
   2.19000000000E-01   2.50000000000E-01   2.82000000000E-01   3.13000000000E-01
   3.44000000000E-01   3.83000000000E-01   4.23000000000E-01   4.97000000000E-01
   5.63000000000E-01   6.10000000000E-01   6.49000000000E-01   6.88000000000E-01
   7.35000000000E-01   8.13000000000E-01   8.29000000000E-01   8.52000000000E-01
   8.60000000000E-01   8.79000000000E-01   8.95000000000E-01   9.11000000000E-01
   9.23000000000E-01   9.37000000000E-01   9.50000000000E-01   9.62000000000E-01
   9.73000000000E-01   9.85000000000E-01   9.97000000000E-01   1.00000000000E+00
   1.48255900000E+00   1.35365900000E+00   1.24467700000E+00   1.15292000000E+00
   1.07600100000E+00   1.00221200000E+00   9.46649400000E-01   8.92336200000E-01
   8.52848800000E-01   8.15179400000E-01   7.86679200000E-01   7.59720700000E-01
   7.34067400000E-01   7.03600900000E-01   6.68004500000E-01   6.21528800000E-01
   4.61120200000E-01   4.12475400000E-01   3.70222900000E-01   3.32910900000E-01
   3.01074300000E-01   2.73323900000E-01   2.55123700000E-01   2.39501600000E-01
   2.26916100000E-01   2.19337400000E-01   2.15012100000E-01   2.14300500000E-01
   2.16384200000E-01   2.21470400000E-01   2.29776600000E-01   2.41878000000E-01
   2.57060500000E-01   2.75567700000E-01   3.03225900000E-01   3.35892800000E-01
   4.03376200000E-01   4.63534700000E-01   5.01083000000E-01   5.26425000000E-01
   5.45359900000E-01   5.59933600000E-01   5.77202400000E-01   5.83621900000E-01
   5.97975600000E-01   6.04929900000E-01   6.26948600000E-01   6.53117300000E-01
   6.88310700000E-01   7.21990200000E-01   7.70799300000E-01   8.26959700000E-01
   8.89665100000E-01   9.57708300000E-01   1.04511900000E+00   1.14820800000E+00
   1.17668300000E+00   0.00000000000E+00   1.70173117000E-02   3.26073333000E-02
   4.69929147000E-02   6.03664460000E-02   7.49139375000E-02   8.75815388000E-02
   1.02293410000E-01   1.15382312000E-01   1.31228613000E-01   1.47247215000E-01
   1.68896817000E-01   2.01013220000E-01   2.48456325000E-01   2.90976129000E-01
   3.31596433000E-01   4.32824143000E-01   4.60342446000E-01   4.84606048000E-01
   5.06754751000E-01   5.26408253000E-01   5.44300754000E-01   5.56692856000E-01
   5.68267057000E-01   5.79204558000E-01   5.87928859000E-01   5.96398660000E-01
   6.03267660000E-01   6.09943261000E-01   6.16729962000E-01   6.23724262000E-01
   6.31270763000E-01   6.39004264000E-01   6.47259965000E-01   6.58546466000E-01
   6.71328867000E-01   6.98681870000E-01   7.27289973000E-01   7.49958475000E-01
   7.69994877000E-01   7.90894679000E-01   8.16869082000E-01   8.61217386000E-01
   8.70503987000E-01   8.84092388000E-01   8.88903989000E-01   9.00606790000E-01
   9.10847291000E-01   9.21578692000E-01   9.30040493000E-01   9.40489994000E-01
   9.50875395000E-01   9.61175096000E-01   9.71335697000E-01   9.83352698000E-01
   9.96512700000E-01   1.00000000000E+00                   2                  61
  -1.00000000000E+00  -9.90000000000E-01  -9.78000000000E-01  -9.68000000000E-01
  -9.56000000000E-01  -9.44000000000E-01  -9.33000000000E-01  -9.21000000000E-01
  -9.06000000000E-01  -8.90000000000E-01  -8.71000000000E-01  -8.51000000000E-01
  -8.27000000000E-01  -7.84000000000E-01  -7.18000000000E-01  -6.87000000000E-01
  -6.56000000000E-01  -6.09000000000E-01  -5.31000000000E-01  -4.21000000000E-01
  -3.59000000000E-01  -3.12000000000E-01  -2.53000000000E-01  -1.94000000000E-01
  -1.32000000000E-01  -7.81000000000E-02  -3.12000000000E-02   1.57000000000E-02
   6.25000000000E-02   9.38000000000E-02   1.25000000000E-01   1.57000000000E-01
   1.88000000000E-01   2.19000000000E-01   2.50000000000E-01   2.82000000000E-01
   3.13000000000E-01   3.44000000000E-01   3.83000000000E-01   4.23000000000E-01
   4.85000000000E-01   5.63000000000E-01   6.10000000000E-01   6.49000000000E-01
   6.88000000000E-01   7.27000000000E-01   8.13000000000E-01   8.29000000000E-01
   8.52000000000E-01   8.72000000000E-01   8.87000000000E-01   9.03000000000E-01
   9.15000000000E-01   9.23000000000E-01   9.38000000000E-01   9.50000000000E-01
   9.62000000000E-01   9.73000000000E-01   9.85000000000E-01   9.95000000000E-01
   1.00000000000E+00   1.52135700000E+00   1.40428400000E+00   1.28414700000E+00
   1.19892000000E+00   1.11215000000E+00   1.04000200000E+00   9.84873000000E-01
   9.34969800000E-01   8.85154000000E-01   8.44471100000E-01   8.09030600000E-01
   7.82810200000E-01   7.61483600000E-01   7.37933800000E-01   7.09488800000E-01
   6.93126500000E-01   6.73662500000E-01   6.38517600000E-01   5.69994500000E-01
   4.69902300000E-01   4.19136900000E-01   3.84870700000E-01   3.47158300000E-01
   3.14817900000E-01   2.85687300000E-01   2.63787500000E-01   2.47199000000E-01
   2.33154600000E-01   2.22248900000E-01   2.17104800000E-01   2.14045500000E-01
   2.13396900000E-01   2.15502400000E-01   2.20597600000E-01   2.28928000000E-01
   2.41099500000E-01   2.56420100000E-01   2.75156300000E-01   3.03254500000E-01
   3.36558400000E-01   3.94118200000E-01   4.67401500000E-01   5.05880600000E-01
   5.31643600000E-01   5.50487800000E-01   5.62330800000E-01   5.76670200000E-01
   5.81698400000E-01   5.93850400000E-01   6.11672600000E-01   6.31349100000E-01
   6.60210800000E-01   6.88479700000E-01   7.11065000000E-01   7.62870600000E-01
   8.14669900000E-01   8.77307700000E-01   9.45698700000E-01   1.03404600000E+00
   1.12009400000E+00   1.16780300000E+00   0.00000000000E+00   1.46282129000E-02
   3.07588062000E-02   4.31741486000E-02   5.70405714000E-02   6.99534840000E-02
   8.10902962000E-02   9.26093585000E-02   1.06260321000E-01   1.20097324000E-01
   1.35805627000E-01   1.51724030000E-01   1.70255534000E-01   2.02493041000E-01
   2.50257950000E-01   2.71998454000E-01   2.93183659000E-01   3.24019865000E-01
   3.71151874000E-01   4.28346186000E-01   4.55906391000E-01   4.74800595000E-01
   4.96395499000E-01   5.15923803000E-01   5.34539507000E-01   5.49347810000E-01
   5.61330412000E-01   5.72594715000E-01   5.83251117000E-01   5.90127018000E-01
   5.96852919000E-01   6.03692021000E-01   6.10339922000E-01   6.17099523000E-01
   6.24067125000E-01   6.31587526000E-01   6.39299128000E-01   6.47538530000E-01
   6.58817532000E-01   6.71613834000E-01   6.94264839000E-01   7.27864146000E-01
   7.50736250000E-01   7.70967954000E-01   7.92069558000E-01   8.13769563000E-01
   8.62746573000E-01   8.72013474000E-01   8.85532277000E-01   8.97587480000E-01
   9.06910181000E-01   9.17242683000E-01   9.25334785000E-01   9.30932986000E-01
   9.41987488000E-01   9.51452690000E-01   9.61604592000E-01   9.71631094000E-01
   9.83509597000E-01   9.94280299000E-01   1.00000000000E+00                   2
                  60  -1.00000000000E+00  -9.90000000000E-01  -9.80000000000E-01
  -9.68000000000E-01  -9.56000000000E-01  -9.44000000000E-01  -9.33000000000E-01
  -9.21000000000E-01  -9.06000000000E-01  -8.90000000000E-01  -8.71000000000E-01
  -8.51000000000E-01  -8.27000000000E-01  -7.84000000000E-01  -7.18000000000E-01
  -6.87000000000E-01  -6.56000000000E-01  -6.09000000000E-01  -5.31000000000E-01
  -4.37000000000E-01  -3.75000000000E-01  -3.19000000000E-01  -2.65000000000E-01
  -2.18000000000E-01  -1.59000000000E-01  -1.01000000000E-01  -4.68000000000E-02
   0.00000000000E+00   4.69000000000E-02   8.60000000000E-02   1.25000000000E-01
   1.57000000000E-01   1.88000000000E-01   2.19000000000E-01   2.50000000000E-01
   2.82000000000E-01   3.13000000000E-01   3.44000000000E-01   3.83000000000E-01
   4.23000000000E-01   4.85000000000E-01   5.63000000000E-01   6.10000000000E-01
   6.49000000000E-01   6.88000000000E-01   7.27000000000E-01   8.21000000000E-01
   8.48000000000E-01   8.68000000000E-01   8.87000000000E-01   9.03000000000E-01
   9.15000000000E-01   9.23000000000E-01   9.38000000000E-01   9.50000000000E-01
   9.62000000000E-01   9.73000000000E-01   9.83000000000E-01   9.93000000000E-01
   1.00000000000E+00   1.55646000000E+00   1.43170500000E+00   1.32380200000E+00
   1.21382400000E+00   1.12228700000E+00   1.04652400000E+00   9.88923000000E-01
   9.37079500000E-01   8.85728500000E-01   8.44241700000E-01   8.08638100000E-01
   7.82844400000E-01   7.62457100000E-01   7.40810200000E-01   7.14045800000E-01
   6.97701400000E-01   6.77796700000E-01   6.41301600000E-01   5.69589800000E-01
   4.79843700000E-01   4.26071700000E-01   3.83542200000E-01   3.48282600000E-01
   3.21846000000E-01   2.93408900000E-01   2.69640100000E-01   2.50602500000E-01
   2.36627200000E-01   2.25319700000E-01   2.18488400000E-01   2.14638000000E-01
   2.14151100000E-01   2.16354900000E-01   2.21514200000E-01   2.29900000000E-01
   2.42147700000E-01   2.57586500000E-01   2.76506800000E-01   3.04955600000E-01
   3.38773600000E-01   3.97418700000E-01   4.72302700000E-01   5.11582200000E-01
   5.37694800000E-01   5.56408100000E-01   5.67437500000E-01   5.78184400000E-01
   5.87676100000E-01   6.01581200000E-01   6.23176200000E-01   6.50052500000E-01
   6.76871800000E-01   6.98533600000E-01   7.48763100000E-01   7.99518200000E-01
   8.61388300000E-01   9.29397200000E-01   1.00193300000E+00   1.08599100000E+00
   1.15243600000E+00   0.00000000000E+00   1.49408315000E-02   2.87183729000E-02
   4.39441344000E-02   5.79608058000E-02   7.09736771000E-02   8.21686382000E-02
   9.37246594000E-02   1.07395711000E-01   1.21235512000E-01   1.36937914000E-01
   1.52852715000E-01   1.71396317000E-01   2.03716520000E-01   2.51726725000E-01
   2.73608827000E-01   2.94929030000E-01   3.25927833000E-01   3.73152637000E-01
   4.22476042000E-01   4.50559445000E-01   4.73228647000E-01   4.92987949000E-01
   5.08735951000E-01   5.26885953000E-01   5.43214354000E-01   5.57312956000E-01
   5.68714157000E-01   5.79546858000E-01   5.88223259000E-01   5.96669260000E-01
   6.03529860000E-01   6.10202661000E-01   6.16989662000E-01   6.23986562000E-01
   6.31539363000E-01   6.39285264000E-01   6.47563665000E-01   6.58902166000E-01
   6.71776767000E-01   6.94598769000E-01   7.28517873000E-01   7.51639175000E-01
   7.72100077000E-01   7.93435079000E-01   8.15350082000E-01   8.69194287000E-01
   8.84933389000E-01   8.96825990000E-01   9.08461191000E-01   9.18646992000E-01
   9.26608493000E-01   9.32110093000E-01   9.42964794000E-01   9.52254495000E-01
   9.62219896000E-01   9.72069197000E-01   9.81725898000E-01   9.92165499000E-01
   1.00000000000E+00                   2                  61  -1.00000000000E+00
  -9.90000000000E-01  -9.80000000000E-01  -9.70000000000E-01  -9.58000000000E-01
  -9.48000000000E-01  -9.37000000000E-01  -9.25000000000E-01  -9.13000000000E-01
  -8.98000000000E-01  -8.82000000000E-01  -8.63000000000E-01  -8.43000000000E-01
  -8.12000000000E-01  -7.18000000000E-01  -6.71000000000E-01  -6.09000000000E-01
  -5.31000000000E-01  -4.37000000000E-01  -3.76000000000E-01  -3.27000000000E-01
  -2.81000000000E-01  -2.34000000000E-01  -1.87000000000E-01  -1.28000000000E-01
  -7.81000000000E-02  -1.56000000000E-02   3.13000000000E-02   7.82000000000E-02
   1.17000000000E-01   1.49000000000E-01   1.73000000000E-01   2.04000000000E-01
   2.35000000000E-01   2.66000000000E-01   2.98000000000E-01   3.29000000000E-01
   3.44000000000E-01   3.83000000000E-01   4.23000000000E-01   4.85000000000E-01
   5.63000000000E-01   6.10000000000E-01   6.49000000000E-01   6.88000000000E-01
   7.27000000000E-01   7.50000000000E-01   8.21000000000E-01   8.44000000000E-01
   8.64000000000E-01   8.83000000000E-01   8.99000000000E-01   9.11000000000E-01
   9.23000000000E-01   9.38000000000E-01   9.50000000000E-01   9.62000000000E-01
   9.73000000000E-01   9.83000000000E-01   9.93000000000E-01   1.00000000000E+00
   1.58801500000E+00   1.45624900000E+00   1.34254600000E+00   1.24478800000E+00
   1.14584900000E+00   1.07671200000E+00   1.01271100000E+00   9.55249700000E-01
   9.08693300000E-01   8.63123900000E-01   8.26861600000E-01   7.96312200000E-01
   7.74637800000E-01   7.54106700000E-01   7.16644200000E-01   6.90086300000E-01
   6.41895700000E-01   5.67374600000E-01   4.74719500000E-01   4.20738200000E-01
   3.82876600000E-01   3.52059700000E-01   3.25015500000E-01   3.01879900000E-01
   2.77313200000E-01   2.59626100000E-01   2.40912800000E-01   2.29560600000E-01
   2.21144000000E-01   2.17060800000E-01   2.16147400000E-01   2.17171300000E-01
   2.20952300000E-01   2.27798600000E-01   2.37970900000E-01   2.52141000000E-01
   2.69478400000E-01   2.79122300000E-01   3.07809200000E-01   3.42004100000E-01
   4.01503800000E-01   4.77745000000E-01   5.17752600000E-01   5.44218000000E-01
   5.62865900000E-01   5.73201200000E-01   5.75834300000E-01   5.78395200000E-01
   5.83563000000E-01   5.93662000000E-01   6.10819200000E-01   6.33287200000E-01
   6.56376000000E-01   6.86032800000E-01   7.34278500000E-01   7.83586200000E-01
   8.44208200000E-01   9.11319900000E-01   9.83311400000E-01   1.06715300000E+00
   1.13368200000E+00   0.00000000000E+00   1.52213230000E-02   2.92153058000E-02
   4.21519784000E-02   5.64958013000E-02   6.76086135000E-02   7.91004458000E-02
   9.09082082000E-02   1.02091820000E-01   1.15380423000E-01   1.28900326000E-01
   1.44320529000E-01   1.60030032000E-01   1.83725537000E-01   2.52850851000E-01
   2.85909057000E-01   3.27200465000E-01   3.74361975000E-01   4.23340385000E-01
   4.50651890000E-01   4.70340494000E-01   4.87243997000E-01   5.03155301000E-01
   5.17887304000E-01   5.34973507000E-01   5.48370110000E-01   5.64011913000E-01
   5.75044515000E-01   5.85613517000E-01   5.94114719000E-01   6.01046020000E-01
   6.06245821000E-01   6.13036723000E-01   6.19992324000E-01   6.27211725000E-01
   6.35053527000E-01   6.43138629000E-01   6.47253129000E-01   6.58698332000E-01
   6.71694634000E-01   6.94743339000E-01   7.29034046000E-01   7.52428250000E-01
   7.73136655000E-01   7.94724759000E-01   8.16878063000E-01   8.30091966000E-01
   8.71067074000E-01   8.84429577000E-01   8.96201879000E-01   9.07644482000E-01
   9.17597384000E-01   9.25335385000E-01   9.33389887000E-01   9.44042189000E-01
   9.53149391000E-01   9.62916193000E-01   9.72571595000E-01   9.82044796000E-01
   9.92297098000E-01   1.00000000000E+00   1.67298500000E+01   1.64744200000E+01
   1.62303400000E+01   1.59968000000E+01   1.57730600000E+01   1.55584500000E+01
   1.53523700000E+01   1.51542600000E+01   1.49636300000E+01   1.47800300000E+01
   1.46030100000E+01   1.44322100000E+01   1.42672700000E+01   1.39536600000E+01
   1.36598700000E+01   1.33838800000E+01   1.31239800000E+01   1.28786500000E+01
   1.26465800000E+01   1.24266200000E+01   1.22177600000E+01   1.20190800000E+01
   1.18297900000E+01   1.15619100000E+01   1.13114400000E+01   1.10765800000E+01
   1.08557600000E+01   1.06476400000E+01   1.04510600000E+01   1.02649700000E+01
   1.00884800000E+01   9.92079300000E+00   9.76119900000E+00   9.60906700000E+00
   9.46383400000E+00   9.32499200000E+00   9.19208800000E+00   9.06470900000E+00
   8.94248200000E+00   8.82507000000E+00   8.71216900000E+00   8.60348900000E+00
   8.49877700000E+00   8.39779800000E+00   8.30033500000E+00   8.11517400000E+00
   7.94187600000E+00   7.77922600000E+00   7.62617700000E+00   7.48182000000E+00
   7.36758700000E+00   7.25843100000E+00   7.15398800000E+00   7.05392700000E+00
   6.95795100000E+00   6.86578900000E+00   6.77719400000E+00   6.69194300000E+00
   6.60983000000E+00   6.53066800000E+00   6.45428300000E+00   6.38051700000E+00
   6.24026900000E+00   6.10888200000E+00   5.98545700000E+00   5.86922400000E+00
   5.75950900000E+00   5.65572500000E+00   5.55735700000E+00   5.46395000000E+00
   5.37509900000E+00   5.29044600000E+00   5.20967100000E+00   5.13248700000E+00
   5.05863400000E+00   4.98788100000E+00   4.92001500000E+00   4.85484600000E+00
   4.79220100000E+00   4.73191900000E+00   4.67385600000E+00   4.61788000000E+00
   4.56386800000E+00   4.51170800000E+00   4.41253700000E+00   4.31963100000E+00
   4.23235700000E+00   4.15016700000E+00   4.07258700000E+00   3.99920100000E+00
   3.92964500000E+00   3.86359600000E+00   3.80076900000E+00   3.74091000000E+00
   3.65620000000E+00   3.57699400000E+00   3.50272300000E+00   3.43289500000E+00
   3.36708200000E+00   3.30491500000E+00   3.24606900000E+00   3.19025900000E+00
   3.13723100000E+00   3.08676300000E+00   3.03865500000E+00   2.99272800000E+00
   2.94882300000E+00   2.90679400000E+00   2.86651400000E+00   2.82786200000E+00
   2.79073300000E+00   2.75502900000E+00   2.72066200000E+00   2.68754900000E+00
   2.65561700000E+00   2.62479600000E+00   2.56624300000E+00   2.51144200000E+00
   2.46000700000E+00   2.41160900000E+00   2.36595900000E+00   2.32983600000E+00
   2.29531800000E+00   2.26229000000E+00   2.23064800000E+00   2.20029800000E+00
   2.17115300000E+00   2.14313700000E+00   2.11617800000E+00   2.09021200000E+00
   2.06517900000E+00   2.04102400000E+00   2.01769700000E+00   1.97334600000E+00
   1.93179800000E+00   1.89276700000E+00   1.85601100000E+00   1.82131600000E+00
   1.78849700000E+00   1.75739000000E+00   1.72785200000E+00   1.69975500000E+00
   1.67298600000E+00   1.64744300000E+00   1.62303500000E+00   1.59968000000E+00
   1.57730600000E+00   1.55584500000E+00   1.53523700000E+00   1.51542700000E+00
   1.49636400000E+00   1.47800300000E+00   1.46030200000E+00   1.44322200000E+00
   1.42672700000E+00   1.39536700000E+00   1.36598700000E+00   1.33838900000E+00
   1.31239800000E+00   1.28786500000E+00   1.26465800000E+00   1.24266300000E+00
   1.22177600000E+00   1.20190900000E+00   1.18298000000E+00   1.15619200000E+00
   1.13114500000E+00   1.10765800000E+00   1.08557700000E+00   1.06476500000E+00
   1.04510600000E+00   1.02649700000E+00   1.00884800000E+00   9.92079700000E-01
   9.76120300000E-01   9.60907100000E-01   9.46383700000E-01   9.32499600000E-01
   9.19209100000E-01   9.06471200000E-01   8.94248500000E-01   8.82507400000E-01
   8.71216800000E-01   8.60348800000E-01   8.49877700000E-01   8.39779700000E-01
   8.30033500000E-01   8.11517400000E-01   7.94187600000E-01   7.77922700000E-01
   7.62617800000E-01   7.48182100000E-01   7.36758800000E-01   7.25843200000E-01
   7.15398900000E-01   7.05392800000E-01   6.95795200000E-01   6.86578900000E-01
   6.77719500000E-01   6.69194400000E-01   6.60983100000E-01   6.53066800000E-01
   6.45428400000E-01   6.38051800000E-01   6.24027000000E-01   6.10888100000E-01
   5.98545700000E-01   5.86922300000E-01   5.75950800000E-01   5.65572500000E-01
   5.55735700000E-01   5.46394900000E-01   5.37509900000E-01   5.29044600000E-01
   5.20967100000E-01   5.13248700000E-01   5.05863400000E-01   4.98788100000E-01
   4.92001500000E-01   4.85484700000E-01   4.79220100000E-01   4.73191900000E-01
   4.67385700000E-01   4.61788100000E-01   4.56386800000E-01   4.51170800000E-01
   4.41253800000E-01   4.31963200000E-01   4.23235800000E-01   4.15016800000E-01
   4.07258800000E-01   3.99920200000E-01   3.92964600000E-01   3.86359700000E-01
   3.80077000000E-01   3.74091100000E-01   3.68045100000E-01   3.62283000000E-01
   3.56783300000E-01   3.51526700000E-01   3.46495900000E-01   3.41675000000E-01
   3.37049900000E-01   3.32607700000E-01   3.25248600000E-01   3.18357500000E-01
   3.11886600000E-01   3.05794800000E-01   3.00046600000E-01   2.94610900000E-01
   2.89460200000E-01   2.84570700000E-01   2.80679900000E-01   2.76944500000E-01
   2.73354400000E-01   2.69900400000E-01   2.66574000000E-01   2.63367700000E-01
   2.60274500000E-01   2.57287700000E-01   2.51610100000E-01   2.46292500000E-01
   2.41298400000E-01   2.36596400000E-01   2.32984000000E-01   2.29532200000E-01
   2.26229500000E-01   2.23065300000E-01   2.20030300000E-01   2.17115800000E-01
   2.14314300000E-01   2.11618400000E-01   2.09021800000E-01   2.06518400000E-01
   2.04103000000E-01   2.01770300000E-01   1.97335300000E-01   1.93180400000E-01
   1.89277500000E-01   1.85601900000E-01   1.82132400000E-01   1.78850500000E-01
   1.75739900000E-01   1.72786100000E-01   1.69976400000E-01   1.67299500000E-01
   1.64745200000E-01   1.62304400000E-01   1.59969000000E-01   1.57731600000E-01
   1.55585500000E-01   1.53524700000E-01   1.51543700000E-01   1.49637400000E-01
   1.47801300000E-01   1.46031200000E-01   1.44323200000E-01   1.42673800000E-01
   1.39537700000E-01   1.36599800000E-01   1.33839900000E-01   1.31240900000E-01
   1.28787600000E-01   1.26466900000E-01   1.24267400000E-01   1.22178700000E-01
   1.20191900000E-01   1.18299100000E-01   1.15620300000E-01   1.13115600000E-01
   1.10767000000E-01   1.08558800000E-01   1.06477700000E-01   1.04511800000E-01
   1.02651000000E-01   1.00886200000E-01   9.92094200000E-02   9.76135700000E-02
   9.60923500000E-02   9.46401200000E-02   9.32518200000E-02   9.19228900000E-02
   9.06492300000E-02   8.94271000000E-02   8.82531100000E-02   8.71242000000E-02
   8.60375400000E-02   8.49905600000E-02   8.39809100000E-02   8.30064100000E-02
   8.11550700000E-02   7.94223400000E-02   7.77960700000E-02   7.48223900000E-02
   7.25887600000E-02   7.05439100000E-02   6.86626800000E-02   6.69243500000E-02
   6.38103200000E-02   6.10941600000E-02   5.86977900000E-02   5.65629300000E-02
   5.46451700000E-02   5.29099900000E-02   5.13300900000E-02   4.98836200000E-02
   4.85528300000E-02   4.73231300000E-02   4.51203700000E-02   4.31993700000E-02
   4.15047700000E-02   3.99951700000E-02   3.86390100000E-02   3.74118300000E-02
   3.57720600000E-02   3.43307700000E-02   3.30511800000E-02   3.19050900000E-02
   3.08705100000E-02   2.99302300000E-02   2.90706500000E-02   2.82809100000E-02
   2.68768800000E-02   2.56632700000E-02   2.46009200000E-02   2.36608500000E-02
   2.29546900000E-02   2.23079700000E-02   2.17127600000E-02   2.11626600000E-02
   2.01771800000E-02   1.93178000000E-02   1.85601700000E-02   1.78859800000E-02
   1.72802500000E-02   1.67314900000E-02   1.62315100000E-02   1.57737400000E-02
   1.53526500000E-02   1.49635800000E-02   1.42666800000E-02   1.36589200000E-02
   1.31229900000E-02   1.26465300000E-02   1.22183100000E-02   1.18296000000E-02
   1.13102000000E-02   1.08541400000E-02   1.04492700000E-02   1.00874200000E-02
   9.76069700000E-03   9.46303900000E-03   9.19096700000E-03   8.94109200000E-03
   8.49697400000E-03   8.11308000000E-03   7.77692900000E-03   7.47988400000E-03
   7.25673500000E-03   7.05193500000E-03   6.86352800000E-03   6.68945500000E-03
   6.37766800000E-03   6.10576000000E-03   5.86589600000E-03   5.65282000000E-03
   5.46139700000E-03   5.28762200000E-03   5.12933000000E-03   4.98442000000E-03
   4.85112700000E-03   4.72797600000E-03   4.50740300000E-03   4.31504800000E-03
   4.14536800000E-03   3.99456400000E-03   3.85910500000E-03   3.73606900000E-03
   3.57145600000E-03   3.42688700000E-03   3.29852200000E-03   3.18375400000E-03
   3.08017000000E-03   2.98586100000E-03   2.89969600000E-03   2.82056600000E-03
   2.67993600000E-03   2.55839500000E-03   2.45198000000E-03   2.35785700000E-03
   2.28685400000E-03   2.22176400000E-03   2.16190200000E-03   2.10660400000E-03
   2.00758600000E-03   1.92126200000E-03   1.84513600000E-03   1.77741700000E-03
   1.71661100000E-03   1.66152500000E-03   1.61095800000E-03   1.56467200000E-03
   1.52211400000E-03   1.48281200000E-03   1.41245900000E-03   1.35115300000E-03
   1.29711000000E-03   1.24903900000E-03   1.20589000000E-03   1.16682800000E-03
   1.13085000000E-03   1.09793100000E-03   1.06767500000E-03   1.03974300000E-03
   9.89768200000E-04   9.46236200000E-04   9.07421300000E-04   8.72914000000E-04
   8.41970100000E-04   8.13993000000E-04   7.88264800000E-04   7.64746000000E-04
   7.43145600000E-04   7.23212300000E-04   7.04541000000E-04   6.87182200000E-04
   6.70995100000E-04   6.55849800000E-04   6.41490300000E-04   6.27985700000E-04
   6.15259500000E-04   6.03245400000E-04   5.80852500000E-04   5.60642600000E-04
   5.42108600000E-04   5.25189900000E-04   5.09515800000E-04   4.95096900000E-04
   4.82861800000E-04   4.70667300000E-04   4.58472600000E-04   4.46331000000E-04
   4.36734400000E-04   4.27190500000E-04   4.17646500000E-04   4.08141300000E-04
   3.92621500000E-04   3.77170200000E-04   3.64248200000E-04   3.51379500000E-04
   3.40398500000E-04   3.29460100000E-04   3.19975900000E-04   3.10526600000E-04
   3.02226500000E-04   2.93955800000E-04   2.86612400000E-04   2.79293900000E-04
   2.72737100000E-04   2.66201700000E-04   2.54424700000E-04   2.41934000000E-04
   2.29473700000E-04   2.19387300000E-04   2.09329800000E-04   2.00982200000E-04
   1.92657300000E-04   1.85613700000E-04   1.78588100000E-04   1.72552700000E-04
   1.66532100000E-04   1.61295300000E-04   1.56071000000E-04   1.51480000000E-04
   1.46899500000E-04   1.42839200000E-04   1.38788100000E-04   1.31560300000E-04
   1.25078200000E-04   1.19231700000E-04   1.13932300000E-04   1.09107400000E-04
   1.04697800000E-04   1.00810000000E-04   9.69286100000E-05   9.36156500000E-05
   9.03090500000E-05   8.74572000000E-05   8.46107100000E-05   8.21339600000E-05
   7.96617500000E-05   7.53307200000E-05   7.15153200000E-05   6.81345600000E-05
   6.51235300000E-05   6.24295200000E-05   6.00097200000E-05   5.79302200000E-05
   5.58536800000E-05   5.41416600000E-05   5.24324800000E-05   5.10086100000E-05
   4.95870800000E-05   4.83926100000E-05   4.72000900000E-05   4.51832500000E-05
   4.34689800000E-05   4.20047200000E-05   4.07490000000E-05   3.96686400000E-05
   3.87368900000E-05   3.79319000000E-05   3.72356400000E-05   3.66331800000E-05
   3.61120100000E-05   3.56617200000E-05   3.52254200000E-05   3.47898200000E-05
   3.44944000000E-05   3.41996500000E-05   3.40078900000E-05   3.38166400000E-05
   3.37019400000E-05   3.35876500000E-05   3.34740600000E-05   3.34472500000E-05
   3.34856300000E-05   3.35727600000E-05   3.36959300000E-05   3.38452400000E-05
   3.41928600000E-05   3.45711700000E-05   3.49524000000E-05   3.53192100000E-05
   3.56611700000E-05   3.59722600000E-05   3.62495600000E-05   3.64921200000E-05
   3.67003000000E-05   3.68753500000E-05   3.71336300000E-05   3.72841300000E-05
   3.73450200000E-05   3.73333600000E-05   3.72641900000E-05   3.71503300000E-05
   3.70024500000E-05   3.68292700000E-05   3.66378400000E-05   3.64337900000E-05
   3.62216200000E-05   3.60048200000E-05   3.57861300000E-05   3.55676900000E-05
   3.53510900000E-05   3.51375500000E-05   3.49279600000E-05   3.47229700000E-05
   3.45230000000E-05   3.43283400000E-05   3.41391300000E-05   3.39554500000E-05
   3.37772500000E-05   3.36045000000E-05   3.34370700000E-05   3.30407000000E-05
   3.26737500000E-05   3.23330700000E-05   3.20154500000E-05   3.17178700000E-05
   3.14375400000E-05   3.11719200000E-05   3.09187700000E-05   3.06760900000E-05
   3.04421400000E-05   3.02154000000E-05   2.99945500000E-05   2.97784500000E-05
   2.95661100000E-05   2.93567000000E-05   2.91495100000E-05   2.89439300000E-05
   2.87394600000E-05   2.85356900000E-05   2.83322700000E-05   2.81289400000E-05
   2.79254800000E-05   2.77217400000E-05   2.75176100000E-05   2.73130100000E-05
   2.71079200000E-05   2.55140000000E-05   2.51148000000E-05   2.47400000000E-05
   2.44099100000E-05   2.40980000000E-05   2.37968200000E-05   2.35110000000E-05
   2.32040200000E-05   2.29120000000E-05   2.26027800000E-05   2.23080000000E-05
   2.20042100000E-05   2.17140000000E-05   2.14222700000E-05   2.11430000000E-05
   2.08704800000E-05   2.06090000000E-05   2.03581900000E-05   2.01170000000E-05
   1.96680000000E-05   1.92570000000E-05   1.88760000000E-05   1.85140000000E-05
   1.81620000000E-05   1.78230000000E-05   1.74960000000E-05   1.71840000000E-05
   1.68850000000E-05   1.66000000000E-05   1.63280000000E-05   1.60690000000E-05
   1.58220000000E-05   1.55850000000E-05   1.53560000000E-05   1.51350000000E-05
   1.49220000000E-05   1.47170000000E-05   1.45200000000E-05   1.43300000000E-05
   1.41470000000E-05   1.39710000000E-05   1.38010000000E-05   1.36380000000E-05
   1.34810000000E-05   1.33300000000E-05   1.31850000000E-05   1.30460000000E-05
   1.29120000000E-05   1.27820000000E-05   1.26580000000E-05   1.23713100000E-05
   1.21040000000E-05   1.18667700000E-05   1.16440000000E-05   1.14507000000E-05
   1.12680000000E-05   1.11126600000E-05   1.09650000000E-05   1.06210000000E-05
   1.03065400000E-05   1.00196300000E-05   9.75644700000E-06   9.51386200000E-06
   9.28930000000E-06              102001                   1                  16
                 102                   0                   3   1.00000000000E-11
   2.00000000000E+01   2.00000000000E+02   1.00000000000E+00   1.00000000000E+00
   1.00000000000E+00                   0                   1                   0
                   4                  10                   0                   2
   1.00000000000E-11   2.00000000000E+02   1.00000000000E+00   1.00000000000E+00
                   0                 155   1.00000000000E-11   2.00000000000E-11
   5.00000000000E-11   1.00000000000E-10   2.00000000000E-10   5.00000000000E-10
   1.00000000000E-09   2.00000000000E-09   5.00000000000E-09   1.00000000000E-08
   2.53000000000E-08   1.00000000000E-07   2.00000000000E-07   5.00000000000E-07
   1.00000000000E-06   2.00000000000E-06   5.00000000000E-06   1.00000000000E-05
   2.00000000000E-05   5.00000000000E-05   1.00000000000E-04   2.00000000000E-04
   5.00000000000E-04   1.00000000000E-03   2.00000000000E-03   3.00000000000E-03
   4.00000000000E-03   5.00000000000E-03   6.00000000000E-03   7.00000000000E-03
   8.00000000000E-03   9.00000000000E-03   1.00000000000E-02   1.20000000000E-02
   1.40000000000E-02   1.60000000000E-02   1.80000000000E-02   2.00000000000E-02
   2.20000000000E-02   2.40000000000E-02   2.60000000000E-02   2.80000000000E-02
   3.00000000000E-02   3.50000000000E-02   4.00000000000E-02   4.50000000000E-02
   5.00000000000E-02   5.50000000000E-02   6.00000000000E-02   6.50000000000E-02
   7.00000000000E-02   7.50000000000E-02   8.00000000000E-02   8.50000000000E-02
   9.00000000000E-02   9.50000000000E-02   1.00000000000E-01   1.10000000000E-01
   1.20000000000E-01   1.30000000000E-01   1.40000000000E-01   1.50000000000E-01
   1.60000000000E-01   1.70000000000E-01   1.80000000000E-01   1.90000000000E-01
   2.00000000000E-01   2.20000000000E-01   2.40000000000E-01   2.60000000000E-01
   2.80000000000E-01   3.00000000000E-01   3.20000000000E-01   3.40000000000E-01
   3.60000000000E-01   3.80000000000E-01   4.00000000000E-01   4.20000000000E-01
   4.40000000000E-01   4.60000000000E-01   4.80000000000E-01   5.00000000000E-01
   5.50000000000E-01   6.00000000000E-01   6.50000000000E-01   7.00000000000E-01
   7.50000000000E-01   8.00000000000E-01   8.50000000000E-01   9.00000000000E-01
   9.50000000000E-01   1.00000000000E+00   1.10000000000E+00   1.20000000000E+00
   1.30000000000E+00   1.40000000000E+00   1.50000000000E+00   1.60000000000E+00
   1.70000000000E+00   1.80000000000E+00   1.90000000000E+00   2.00000000000E+00
   2.20000000000E+00   2.40000000000E+00   2.60000000000E+00   2.80000000000E+00
   3.00000000000E+00   3.20000000000E+00   3.40000000000E+00   3.60000000000E+00
   3.80000000000E+00   4.00000000000E+00   4.20000000000E+00   4.40000000000E+00
   4.60000000000E+00   4.80000000000E+00   5.00000000000E+00   5.20000000000E+00
   5.40000000000E+00   5.60000000000E+00   5.80000000000E+00   6.00000000000E+00
   6.20000000000E+00   6.40000000000E+00   6.60000000000E+00   6.80000000000E+00
   7.00000000000E+00   7.50000000000E+00   8.00000000000E+00   8.50000000000E+00
   9.00000000000E+00   9.50000000000E+00   1.00000000000E+01   1.05000000000E+01
   1.10000000000E+01   1.15000000000E+01   1.20000000000E+01   1.25000000000E+01
   1.30000000000E+01   1.35000000000E+01   1.40000000000E+01   1.45000000000E+01
   1.50000000000E+01   1.55000000000E+01   1.60000000000E+01   1.65000000000E+01
   1.70000000000E+01   1.75000000000E+01   1.80000000000E+01   1.85000000000E+01
   1.90000000000E+01   1.95000000000E+01   2.00000000000E+01   2.00000000000E+01
   2.00000000000E+02                 322                 327                 332
                 337                 342                 347                 352
                 357                 362                 367                 372
                 377                 382                 387                 392
                 397                 402                 407                 412
                 417                 422                 427                 432
                 437                 442                 447                 452
                 457                 462                 467                 472
                 477                 482                 487                 492
                 497                 502                 507                 512
                 517                 522                 527                 532
                 537                 542                 547                 552
                 557                 562                 567                 572
                 577                 582                 587                 592
                 597                 602                 607                 612
                 617                 622                 627                 632
                 637                 642                 647                 652
                 657                 662                 667                 672
                 677                 682                 687                 692
                 697                 702                 707                 712
                 717                 722                 727                 732
                 737                 742                 747                 752
                 757                 762                 767                 772
                 777                 782                 787                 792
                 797                 802                 807                 812
                 817                 822                 827                 832
                 837                 842                 847                 852
                 857                 862                 867                 872
                 877                 882                 887                 892
                 897                 902                 907                 912
                 917                 922                 927                 932
                 937                 942                 947                 952
                 957                 962                 967                 972
                 977                 982                 987                 992
                 997                1002                1007                1012
                1017                1022                1027                1032
                1037                1042                1047                1052
                1057                1062                1067                1072
                1077                1082                1087                1092
                  10                   1   2.22330000000E+00   1.00000000000E+00
   1.00000000000E+00                  10                   1   2.22330000000E+00
   1.00000000000E+00   1.00000000000E+00                  10                   1
   2.22330000000E+00   1.00000000000E+00   1.00000000000E+00                  10
                   1   2.22330000000E+00   1.00000000000E+00   1.00000000000E+00
                  10                   1   2.22330000000E+00   1.00000000000E+00
   1.00000000000E+00                  10                   1   2.22330000000E+00
   1.00000000000E+00   1.00000000000E+00                  10                   1
   2.22330000000E+00   1.00000000000E+00   1.00000000000E+00                  10
                   1   2.22330000000E+00   1.00000000000E+00   1.00000000000E+00
                  10                   1   2.22330000000E+00   1.00000000000E+00
   1.00000000000E+00                  10                   1   2.22330000000E+00
   1.00000000000E+00   1.00000000000E+00                  10                   1
   2.22330000000E+00   1.00000000000E+00   1.00000000000E+00                  10
                   1   2.22330000000E+00   1.00000000000E+00   1.00000000000E+00
                  10                   1   2.22330000000E+00   1.00000000000E+00
   1.00000000000E+00                  10                   1   2.22330000000E+00
   1.00000000000E+00   1.00000000000E+00                  10                   1
   2.22330000000E+00   1.00000000000E+00   1.00000000000E+00                  10
                   1   2.22330100000E+00   1.00000000000E+00   1.00000000000E+00
                  10                   1   2.22330200000E+00   1.00000000000E+00
   1.00000000000E+00                  10                   1   2.22330500000E+00
   1.00000000000E+00   1.00000000000E+00                  10                   1
   2.22331000000E+00   1.00000000000E+00   1.00000000000E+00                  10
                   1   2.22332500000E+00   1.00000000000E+00   1.00000000000E+00
                  10                   1   2.22335000000E+00   1.00000000000E+00
   1.00000000000E+00                  10                   1   2.22340000000E+00
   1.00000000000E+00   1.00000000000E+00                  10                   1
   2.22355000000E+00   1.00000000000E+00   1.00000000000E+00                  10
                   1   2.22380000000E+00   1.00000000000E+00   1.00000000000E+00
                  10                   1   2.22430000000E+00   1.00000000000E+00
   1.00000000000E+00                  10                   1   2.22479900000E+00
   1.00000000000E+00   1.00000000000E+00                  10                   1
   2.22529900000E+00   1.00000000000E+00   1.00000000000E+00                  10
                   1   2.22579900000E+00   1.00000000000E+00   1.00000000000E+00
                  10                   1   2.22629900000E+00   1.00000000000E+00
   1.00000000000E+00                  10                   1   2.22679900000E+00
   1.00000000000E+00   1.00000000000E+00                  10                   1
   2.22729800000E+00   1.00000000000E+00   1.00000000000E+00                  10
                   1   2.22779800000E+00   1.00000000000E+00   1.00000000000E+00
                  10                   1   2.22829800000E+00   1.00000000000E+00
   1.00000000000E+00                  10                   1   2.22929800000E+00
   1.00000000000E+00   1.00000000000E+00                  10                   1
   2.23029700000E+00   1.00000000000E+00   1.00000000000E+00                  10
                   1   2.23129700000E+00   1.00000000000E+00   1.00000000000E+00
                  10                   1   2.23229600000E+00   1.00000000000E+00
   1.00000000000E+00                  10                   1   2.23329600000E+00
   1.00000000000E+00   1.00000000000E+00                  10                   1
   2.23429500000E+00   1.00000000000E+00   1.00000000000E+00                  10
                   1   2.23529500000E+00   1.00000000000E+00   1.00000000000E+00
                  10                   1   2.23629500000E+00   1.00000000000E+00
   1.00000000000E+00                  10                   1   2.23729400000E+00
   1.00000000000E+00   1.00000000000E+00                  10                   1
   2.23829400000E+00   1.00000000000E+00   1.00000000000E+00                  10
                   1   2.24079300000E+00   1.00000000000E+00   1.00000000000E+00
                  10                   1   2.24329200000E+00   1.00000000000E+00
   1.00000000000E+00                  10                   1   2.24579100000E+00
   1.00000000000E+00   1.00000000000E+00                  10                   1
   2.24829000000E+00   1.00000000000E+00   1.00000000000E+00                  10
                   1   2.25078900000E+00   1.00000000000E+00   1.00000000000E+00
                  10                   1   2.25328800000E+00   1.00000000000E+00
   1.00000000000E+00                  10                   1   2.25578600000E+00
   1.00000000000E+00   1.00000000000E+00                  10                   1
   2.25828500000E+00   1.00000000000E+00   1.00000000000E+00                  10
                   1   2.26078400000E+00   1.00000000000E+00   1.00000000000E+00
                  10                   1   2.26328300000E+00   1.00000000000E+00
   1.00000000000E+00                  10                   1   2.26578200000E+00
   1.00000000000E+00   1.00000000000E+00                  10                   1
   2.26828100000E+00   1.00000000000E+00   1.00000000000E+00                  10
                   1   2.27078000000E+00   1.00000000000E+00   1.00000000000E+00
                  10                   1   2.27327900000E+00   1.00000000000E+00
   1.00000000000E+00                  10                   1   2.27827700000E+00
   1.00000000000E+00   1.00000000000E+00                  10                   1
   2.28327500000E+00   1.00000000000E+00   1.00000000000E+00                  10
                   1   2.28827300000E+00   1.00000000000E+00   1.00000000000E+00
                  10                   1   2.29327100000E+00   1.00000000000E+00
   1.00000000000E+00                  10                   1   2.29826900000E+00
   1.00000000000E+00   1.00000000000E+00                  10                   1
   2.30326700000E+00   1.00000000000E+00   1.00000000000E+00                  10
                   1   2.30826500000E+00   1.00000000000E+00   1.00000000000E+00
                  10                   1   2.31326300000E+00   1.00000000000E+00
   1.00000000000E+00                  10                   1   2.31826000000E+00
   1.00000000000E+00   1.00000000000E+00                  10                   1
   2.32325800000E+00   1.00000000000E+00   1.00000000000E+00                  10
                   1   2.33325400000E+00   1.00000000000E+00   1.00000000000E+00
                  10                   1   2.34325000000E+00   1.00000000000E+00
   1.00000000000E+00                  10                   1   2.35324600000E+00
   1.00000000000E+00   1.00000000000E+00                  10                   1
   2.36324200000E+00   1.00000000000E+00   1.00000000000E+00                  10
                   1   2.37323800000E+00   1.00000000000E+00   1.00000000000E+00
                  10                   1   2.38323300000E+00   1.00000000000E+00
   1.00000000000E+00                  10                   1   2.39322900000E+00
   1.00000000000E+00   1.00000000000E+00                  10                   1
   2.40322500000E+00   1.00000000000E+00   1.00000000000E+00                  10
                   1   2.41322100000E+00   1.00000000000E+00   1.00000000000E+00
                  10                   1   2.42321700000E+00   1.00000000000E+00
   1.00000000000E+00                  10                   1   2.43321300000E+00
   1.00000000000E+00   1.00000000000E+00                  10                   1
   2.44320800000E+00   1.00000000000E+00   1.00000000000E+00                  10
                   1   2.45320400000E+00   1.00000000000E+00   1.00000000000E+00
                  10                   1   2.46320000000E+00   1.00000000000E+00
   1.00000000000E+00                  10                   1   2.47319600000E+00
   1.00000000000E+00   1.00000000000E+00                  10                   1
   2.49818500000E+00   1.00000000000E+00   1.00000000000E+00                  10
                   1   2.52317500000E+00   1.00000000000E+00   1.00000000000E+00
                  10                   1   2.54816500000E+00   1.00000000000E+00
   1.00000000000E+00                  10                   1   2.57315400000E+00
   1.00000000000E+00   1.00000000000E+00                  10                   1
   2.59814400000E+00   1.00000000000E+00   1.00000000000E+00                  10
                   1   2.62313300000E+00   1.00000000000E+00   1.00000000000E+00
                  10                   1   2.64812300000E+00   1.00000000000E+00
   1.00000000000E+00                  10                   1   2.67311300000E+00
   1.00000000000E+00   1.00000000000E+00                  10                   1
   2.69810200000E+00   1.00000000000E+00   1.00000000000E+00                  10
                   1   2.72309200000E+00   1.00000000000E+00   1.00000000000E+00
                  10                   1   2.77307100000E+00   1.00000000000E+00
   1.00000000000E+00                  10                   1   2.82305000000E+00
   1.00000000000E+00   1.00000000000E+00                  10                   1
   2.87302900000E+00   1.00000000000E+00   1.00000000000E+00                  10
                   1   2.92300800000E+00   1.00000000000E+00   1.00000000000E+00
                  10                   1   2.97298800000E+00   1.00000000000E+00
   1.00000000000E+00                  10                   1   3.02296700000E+00
   1.00000000000E+00   1.00000000000E+00                  10                   1
   3.07294600000E+00   1.00000000000E+00   1.00000000000E+00                  10
                   1   3.12292500000E+00   1.00000000000E+00   1.00000000000E+00
                  10                   1   3.17290400000E+00   1.00000000000E+00
   1.00000000000E+00                  10                   1   3.22288300000E+00
   1.00000000000E+00   1.00000000000E+00                  10                   1
   3.32284200000E+00   1.00000000000E+00   1.00000000000E+00                  10
                   1   3.42280000000E+00   1.00000000000E+00   1.00000000000E+00
                  10                   1   3.52275900000E+00   1.00000000000E+00
   1.00000000000E+00                  10                   1   3.62271700000E+00
   1.00000000000E+00   1.00000000000E+00                  10                   1
   3.72267500000E+00   1.00000000000E+00   1.00000000000E+00                  10
                   1   3.82263400000E+00   1.00000000000E+00   1.00000000000E+00
                  10                   1   3.92259200000E+00   1.00000000000E+00
   1.00000000000E+00                  10                   1   4.02255000000E+00
   1.00000000000E+00   1.00000000000E+00                  10                   1
   4.12250900000E+00   1.00000000000E+00   1.00000000000E+00                  10
                   1   4.22246700000E+00   1.00000000000E+00   1.00000000000E+00
                  10                   1   4.32242500000E+00   1.00000000000E+00
   1.00000000000E+00                  10                   1   4.42238400000E+00
   1.00000000000E+00   1.00000000000E+00                  10                   1
   4.52234200000E+00   1.00000000000E+00   1.00000000000E+00                  10
                   1   4.62230000000E+00   1.00000000000E+00   1.00000000000E+00
                  10                   1   4.72225900000E+00   1.00000000000E+00
   1.00000000000E+00                  10                   1   4.82221700000E+00
   1.00000000000E+00   1.00000000000E+00                  10                   1
   4.92217500000E+00   1.00000000000E+00   1.00000000000E+00                  10
                   1   5.02213400000E+00   1.00000000000E+00   1.00000000000E+00
                  10                   1   5.12209200000E+00   1.00000000000E+00
   1.00000000000E+00                  10                   1   5.22205000000E+00
   1.00000000000E+00   1.00000000000E+00                  10                   1
   5.32200900000E+00   1.00000000000E+00   1.00000000000E+00                  10
                   1   5.42196700000E+00   1.00000000000E+00   1.00000000000E+00
                  10                   1   5.52192500000E+00   1.00000000000E+00
   1.00000000000E+00                  10                   1   5.62188400000E+00
   1.00000000000E+00   1.00000000000E+00                  10                   1
   5.72184200000E+00   1.00000000000E+00   1.00000000000E+00                  10
                   1   5.97173800000E+00   1.00000000000E+00   1.00000000000E+00
                  10                   1   6.22163400000E+00   1.00000000000E+00
   1.00000000000E+00                  10                   1   6.47153000000E+00
   1.00000000000E+00   1.00000000000E+00                  10                   1
   6.72142600000E+00   1.00000000000E+00   1.00000000000E+00                  10
                   1   6.97132200000E+00   1.00000000000E+00   1.00000000000E+00
                  10                   1   7.22121700000E+00   1.00000000000E+00
   1.00000000000E+00                  10                   1   7.47111300000E+00
   1.00000000000E+00   1.00000000000E+00                  10                   1
   7.72100900000E+00   1.00000000000E+00   1.00000000000E+00                  10
                   1   7.97090500000E+00   1.00000000000E+00   1.00000000000E+00
                  10                   1   8.22080100000E+00   1.00000000000E+00
   1.00000000000E+00                  10                   1   8.47069700000E+00
   1.00000000000E+00   1.00000000000E+00                  10                   1
   8.72059300000E+00   1.00000000000E+00   1.00000000000E+00                  10
                   1   8.97048800000E+00   1.00000000000E+00   1.00000000000E+00
                  10                   1   9.22038400000E+00   1.00000000000E+00
   1.00000000000E+00                  10                   1   9.47028000000E+00
   1.00000000000E+00   1.00000000000E+00                  10                   1
   9.72017600000E+00   1.00000000000E+00   1.00000000000E+00                  10
                   1   9.97007200000E+00   1.00000000000E+00   1.00000000000E+00
                  10                   1   1.02199700000E+01   1.00000000000E+00
   1.00000000000E+00                  10                   1   1.04698600000E+01
   1.00000000000E+00   1.00000000000E+00                  10                   1
   1.07197600000E+01   1.00000000000E+00   1.00000000000E+00                  10
                   1   1.09696600000E+01   1.00000000000E+00   1.00000000000E+00
                  10                   1   1.12195500000E+01   1.00000000000E+00
   1.00000000000E+00                  10                   1   1.14694500000E+01
   1.00000000000E+00   1.00000000000E+00                  10                   1
   1.17193400000E+01   1.00000000000E+00   1.00000000000E+00                  10
                   1   1.19692400000E+01   1.00000000000E+00   1.00000000000E+00
                  10                   1   1.22191300000E+01   1.00000000000E+00
   1.00000000000E+00                  10                   1   1.22191300000E+01
   1.00000000000E+00   1.00000000000E+00                  10                   1
   1.02181600000E+02   1.00000000000E+00   1.00000000000E+00                   1
                 102                  31                   1               12638
               14030               14031               14032               14033
               14041               14042               14069               14070
               14081                   1                 695   1.67298500000E+01
   1.64744200000E+01   1.62303400000E+01   1.59968000000E+01   1.57730600000E+01
   1.55584500000E+01   1.53523700000E+01   1.51542600000E+01   1.49636300000E+01
   1.47800300000E+01   1.46030100000E+01   1.44322100000E+01   1.42672700000E+01
   1.39536600000E+01   1.36598700000E+01   1.33838800000E+01   1.31239800000E+01
   1.28786500000E+01   1.26465800000E+01   1.24266200000E+01   1.22177600000E+01
   1.20190800000E+01   1.18297900000E+01   1.15619100000E+01   1.13114400000E+01
   1.10765800000E+01   1.08557600000E+01   1.06476400000E+01   1.04510600000E+01
   1.02649700000E+01   1.00884800000E+01   9.92079300000E+00   9.76119900000E+00
   9.60906700000E+00   9.46383400000E+00   9.32499200000E+00   9.19208800000E+00
   9.06470900000E+00   8.94248200000E+00   8.82507000000E+00   8.71216900000E+00
   8.60348900000E+00   8.49877700000E+00   8.39779800000E+00   8.30033500000E+00
   8.11517400000E+00   7.94187600000E+00   7.77922600000E+00   7.62617700000E+00
   7.48182000000E+00   7.36758700000E+00   7.25843100000E+00   7.15398800000E+00
   7.05392700000E+00   6.95795100000E+00   6.86578900000E+00   6.77719400000E+00
   6.69194300000E+00   6.60983000000E+00   6.53066800000E+00   6.45428300000E+00
   6.38051700000E+00   6.24026900000E+00   6.10888200000E+00   5.98545700000E+00
   5.86922400000E+00   5.75950900000E+00   5.65572500000E+00   5.55735700000E+00
   5.46395000000E+00   5.37509900000E+00   5.29044600000E+00   5.20967100000E+00
   5.13248700000E+00   5.05863400000E+00   4.98788100000E+00   4.92001500000E+00
   4.85484600000E+00   4.79220100000E+00   4.73191900000E+00   4.67385600000E+00
   4.61788000000E+00   4.56386800000E+00   4.51170800000E+00   4.41253700000E+00
   4.31963100000E+00   4.23235700000E+00   4.15016700000E+00   4.07258700000E+00
   3.99920100000E+00   3.92964500000E+00   3.86359600000E+00   3.80076900000E+00
   3.74091000000E+00   3.65620000000E+00   3.57699400000E+00   3.50272300000E+00
   3.43289500000E+00   3.36708200000E+00   3.30491500000E+00   3.24606900000E+00
   3.19025900000E+00   3.13723100000E+00   3.08676300000E+00   3.03865500000E+00
   2.99272800000E+00   2.94882300000E+00   2.90679400000E+00   2.86651400000E+00
   2.82786200000E+00   2.79073300000E+00   2.75502900000E+00   2.72066200000E+00
   2.68754900000E+00   2.65561700000E+00   2.62479600000E+00   2.56624300000E+00
   2.51144200000E+00   2.46000700000E+00   2.41160900000E+00   2.36595900000E+00
   2.32983600000E+00   2.29531800000E+00   2.26229000000E+00   2.23064800000E+00
   2.20029800000E+00   2.17115300000E+00   2.14313700000E+00   2.11617800000E+00
   2.09021200000E+00   2.06517900000E+00   2.04102400000E+00   2.01769700000E+00
   1.97334600000E+00   1.93179800000E+00   1.89276700000E+00   1.85601100000E+00
   1.82131600000E+00   1.78849700000E+00   1.75739000000E+00   1.72785200000E+00
   1.69975500000E+00   1.67298600000E+00   1.64744300000E+00   1.62303500000E+00
   1.59968000000E+00   1.57730600000E+00   1.55584500000E+00   1.53523700000E+00
   1.51542700000E+00   1.49636400000E+00   1.47800300000E+00   1.46030200000E+00
   1.44322200000E+00   1.42672700000E+00   1.39536700000E+00   1.36598700000E+00
   1.33838900000E+00   1.31239800000E+00   1.28786500000E+00   1.26465800000E+00
   1.24266300000E+00   1.22177600000E+00   1.20190900000E+00   1.18298000000E+00
   1.15619200000E+00   1.13114500000E+00   1.10765800000E+00   1.08557700000E+00
   1.06476500000E+00   1.04510600000E+00   1.02649700000E+00   1.00884800000E+00
   9.92079700000E-01   9.76120300000E-01   9.60907100000E-01   9.46383700000E-01
   9.32499600000E-01   9.19209100000E-01   9.06471200000E-01   8.94248500000E-01
   8.82507400000E-01   8.71216800000E-01   8.60348800000E-01   8.49877700000E-01
   8.39779700000E-01   8.30033500000E-01   8.11517400000E-01   7.94187600000E-01
   7.77922700000E-01   7.62617800000E-01   7.48182100000E-01   7.36758800000E-01
   7.25843200000E-01   7.15398900000E-01   7.05392800000E-01   6.95795200000E-01
   6.86578900000E-01   6.77719500000E-01   6.69194400000E-01   6.60983100000E-01
   6.53066800000E-01   6.45428400000E-01   6.38051800000E-01   6.24027000000E-01
   6.10888100000E-01   5.98545700000E-01   5.86922300000E-01   5.75950800000E-01
   5.65572500000E-01   5.55735700000E-01   5.46394900000E-01   5.37509900000E-01
   5.29044600000E-01   5.20967100000E-01   5.13248700000E-01   5.05863400000E-01
   4.98788100000E-01   4.92001500000E-01   4.85484700000E-01   4.79220100000E-01
   4.73191900000E-01   4.67385700000E-01   4.61788100000E-01   4.56386800000E-01
   4.51170800000E-01   4.41253800000E-01   4.31963200000E-01   4.23235800000E-01
   4.15016800000E-01   4.07258800000E-01   3.99920200000E-01   3.92964600000E-01
   3.86359700000E-01   3.80077000000E-01   3.74091100000E-01   3.68045100000E-01
   3.62283000000E-01   3.56783300000E-01   3.51526700000E-01   3.46495900000E-01
   3.41675000000E-01   3.37049900000E-01   3.32607700000E-01   3.25248600000E-01
   3.18357500000E-01   3.11886600000E-01   3.05794800000E-01   3.00046600000E-01
   2.94610900000E-01   2.89460200000E-01   2.84570700000E-01   2.80679900000E-01
   2.76944500000E-01   2.73354400000E-01   2.69900400000E-01   2.66574000000E-01
   2.63367700000E-01   2.60274500000E-01   2.57287700000E-01   2.51610100000E-01
   2.46292500000E-01   2.41298400000E-01   2.36596400000E-01   2.32984000000E-01
   2.29532200000E-01   2.26229500000E-01   2.23065300000E-01   2.20030300000E-01
   2.17115800000E-01   2.14314300000E-01   2.11618400000E-01   2.09021800000E-01
   2.06518400000E-01   2.04103000000E-01   2.01770300000E-01   1.97335300000E-01
   1.93180400000E-01   1.89277500000E-01   1.85601900000E-01   1.82132400000E-01
   1.78850500000E-01   1.75739900000E-01   1.72786100000E-01   1.69976400000E-01
   1.67299500000E-01   1.64745200000E-01   1.62304400000E-01   1.59969000000E-01
   1.57731600000E-01   1.55585500000E-01   1.53524700000E-01   1.51543700000E-01
   1.49637400000E-01   1.47801300000E-01   1.46031200000E-01   1.44323200000E-01
   1.42673800000E-01   1.39537700000E-01   1.36599800000E-01   1.33839900000E-01
   1.31240900000E-01   1.28787600000E-01   1.26466900000E-01   1.24267400000E-01
   1.22178700000E-01   1.20191900000E-01   1.18299100000E-01   1.15620300000E-01
   1.13115600000E-01   1.10767000000E-01   1.08558800000E-01   1.06477700000E-01
   1.04511800000E-01   1.02651000000E-01   1.00886200000E-01   9.92094200000E-02
   9.76135700000E-02   9.60923500000E-02   9.46401200000E-02   9.32518200000E-02
   9.19228900000E-02   9.06492300000E-02   8.94271000000E-02   8.82531100000E-02
   8.71242000000E-02   8.60375400000E-02   8.49905600000E-02   8.39809100000E-02
   8.30064100000E-02   8.11550700000E-02   7.94223400000E-02   7.77960700000E-02
   7.48223900000E-02   7.25887600000E-02   7.05439100000E-02   6.86626800000E-02
   6.69243500000E-02   6.38103200000E-02   6.10941600000E-02   5.86977900000E-02
   5.65629300000E-02   5.46451700000E-02   5.29099900000E-02   5.13300900000E-02
   4.98836200000E-02   4.85528300000E-02   4.73231300000E-02   4.51203700000E-02
   4.31993700000E-02   4.15047700000E-02   3.99951700000E-02   3.86390100000E-02
   3.74118300000E-02   3.57720600000E-02   3.43307700000E-02   3.30511800000E-02
   3.19050900000E-02   3.08705100000E-02   2.99302300000E-02   2.90706500000E-02
   2.82809100000E-02   2.68768800000E-02   2.56632700000E-02   2.46009200000E-02
   2.36608500000E-02   2.29546900000E-02   2.23079700000E-02   2.17127600000E-02
   2.11626600000E-02   2.01771800000E-02   1.93178000000E-02   1.85601700000E-02
   1.78859800000E-02   1.72802500000E-02   1.67314900000E-02   1.62315100000E-02
   1.57737400000E-02   1.53526500000E-02   1.49635800000E-02   1.42666800000E-02
   1.36589200000E-02   1.31229900000E-02   1.26465300000E-02   1.22183100000E-02
   1.18296000000E-02   1.13102000000E-02   1.08541400000E-02   1.04492700000E-02
   1.00874200000E-02   9.76069700000E-03   9.46303900000E-03   9.19096700000E-03
   8.94109200000E-03   8.49697400000E-03   8.11308000000E-03   7.77692900000E-03
   7.47988400000E-03   7.25673500000E-03   7.05193500000E-03   6.86352800000E-03
   6.68945500000E-03   6.37766800000E-03   6.10576000000E-03   5.86589600000E-03
   5.65282000000E-03   5.46139700000E-03   5.28762200000E-03   5.12933000000E-03
   4.98442000000E-03   4.85112700000E-03   4.72797600000E-03   4.50740300000E-03
   4.31504800000E-03   4.14536800000E-03   3.99456400000E-03   3.85910500000E-03
   3.73606900000E-03   3.57145600000E-03   3.42688700000E-03   3.29852200000E-03
   3.18375400000E-03   3.08017000000E-03   2.98586100000E-03   2.89969600000E-03
   2.82056600000E-03   2.67993600000E-03   2.55839500000E-03   2.45198000000E-03
   2.35785700000E-03   2.28685400000E-03   2.22176400000E-03   2.16190200000E-03
   2.10660400000E-03   2.00758600000E-03   1.92126200000E-03   1.84513600000E-03
   1.77741700000E-03   1.71661100000E-03   1.66152500000E-03   1.61095800000E-03
   1.56467200000E-03   1.52211400000E-03   1.48281200000E-03   1.41245900000E-03
   1.35115300000E-03   1.29711000000E-03   1.24903900000E-03   1.20589000000E-03
   1.16682800000E-03   1.13085000000E-03   1.09793100000E-03   1.06767500000E-03
   1.03974300000E-03   9.89768200000E-04   9.46236200000E-04   9.07421300000E-04
   8.72914000000E-04   8.41970100000E-04   8.13993000000E-04   7.88264800000E-04
   7.64746000000E-04   7.43145600000E-04   7.23212300000E-04   7.04541000000E-04
   6.87182200000E-04   6.70995100000E-04   6.55849800000E-04   6.41490300000E-04
   6.27985700000E-04   6.15259500000E-04   6.03245400000E-04   5.80852500000E-04
   5.60642600000E-04   5.42108600000E-04   5.25189900000E-04   5.09515800000E-04
   4.95096900000E-04   4.82861800000E-04   4.70667300000E-04   4.58472600000E-04
   4.46331000000E-04   4.36734400000E-04   4.27190500000E-04   4.17646500000E-04
   4.08141300000E-04   3.92621500000E-04   3.77170200000E-04   3.64248200000E-04
   3.51379500000E-04   3.40398500000E-04   3.29460100000E-04   3.19975900000E-04
   3.10526600000E-04   3.02226500000E-04   2.93955800000E-04   2.86612400000E-04
   2.79293900000E-04   2.72737100000E-04   2.66201700000E-04   2.54424700000E-04
   2.41934000000E-04   2.29473700000E-04   2.19387300000E-04   2.09329800000E-04
   2.00982200000E-04   1.92657300000E-04   1.85613700000E-04   1.78588100000E-04
   1.72552700000E-04   1.66532100000E-04   1.61295300000E-04   1.56071000000E-04
   1.51480000000E-04   1.46899500000E-04   1.42839200000E-04   1.38788100000E-04
   1.31560300000E-04   1.25078200000E-04   1.19231700000E-04   1.13932300000E-04
   1.09107400000E-04   1.04697800000E-04   1.00810000000E-04   9.69286100000E-05
   9.36156500000E-05   9.03090500000E-05   8.74572000000E-05   8.46107100000E-05
   8.21339600000E-05   7.96617500000E-05   7.53307200000E-05   7.15153200000E-05
   6.81345600000E-05   6.51235300000E-05   6.24295200000E-05   6.00097200000E-05
   5.79302200000E-05   5.58536800000E-05   5.41416600000E-05   5.24324800000E-05
   5.10086100000E-05   4.95870800000E-05   4.83926100000E-05   4.72000900000E-05
   4.51832500000E-05   4.34689800000E-05   4.20047200000E-05   4.07490000000E-05
   3.96686400000E-05   3.87368900000E-05   3.79319000000E-05   3.72356400000E-05
   3.66331800000E-05   3.61120100000E-05   3.56617200000E-05   3.52254200000E-05
   3.47898200000E-05   3.44944000000E-05   3.41996500000E-05   3.40078900000E-05
   3.38166400000E-05   3.37019400000E-05   3.35876500000E-05   3.34740600000E-05
   3.34472500000E-05   3.34856300000E-05   3.35727600000E-05   3.36959300000E-05
   3.38452400000E-05   3.41928600000E-05   3.45711700000E-05   3.49524000000E-05
   3.53192100000E-05   3.56611700000E-05   3.59722600000E-05   3.62495600000E-05
   3.64921200000E-05   3.67003000000E-05   3.68753500000E-05   3.71336300000E-05
   3.72841300000E-05   3.73450200000E-05   3.73333600000E-05   3.72641900000E-05
   3.71503300000E-05   3.70024500000E-05   3.68292700000E-05   3.66378400000E-05
   3.64337900000E-05   3.62216200000E-05   3.60048200000E-05   3.57861300000E-05
   3.55676900000E-05   3.53510900000E-05   3.51375500000E-05   3.49279600000E-05
   3.47229700000E-05   3.45230000000E-05   3.43283400000E-05   3.41391300000E-05
   3.39554500000E-05   3.37772500000E-05   3.36045000000E-05   3.34370700000E-05
   3.30407000000E-05   3.26737500000E-05   3.23330700000E-05   3.20154500000E-05
   3.17178700000E-05   3.14375400000E-05   3.11719200000E-05   3.09187700000E-05
   3.06760900000E-05   3.04421400000E-05   3.02154000000E-05   2.99945500000E-05
   2.97784500000E-05   2.95661100000E-05   2.93567000000E-05   2.91495100000E-05
   2.89439300000E-05   2.87394600000E-05   2.85356900000E-05   2.83322700000E-05
   2.81289400000E-05   2.79254800000E-05   2.77217400000E-05   2.75176100000E-05
   2.73130100000E-05   2.71079200000E-05   2.55140000000E-05   2.51148000000E-05
   2.47400000000E-05   2.44099100000E-05   2.40980000000E-05   2.37968200000E-05
   2.35110000000E-05   2.32040200000E-05   2.29120000000E-05   2.26027800000E-05
   2.23080000000E-05   2.20042100000E-05   2.17140000000E-05   2.14222700000E-05
   2.11430000000E-05   2.08704800000E-05   2.06090000000E-05   2.03581900000E-05
   2.01170000000E-05   1.96680000000E-05   1.92570000000E-05   1.88760000000E-05
   1.85140000000E-05   1.81620000000E-05   1.78230000000E-05   1.74960000000E-05
   1.71840000000E-05   1.68850000000E-05   1.66000000000E-05   1.63280000000E-05
   1.60690000000E-05   1.58220000000E-05   1.55850000000E-05   1.53560000000E-05
   1.51350000000E-05   1.49220000000E-05   1.47170000000E-05   1.45200000000E-05
   1.43300000000E-05   1.41470000000E-05   1.39710000000E-05   1.38010000000E-05
   1.36380000000E-05   1.34810000000E-05   1.33300000000E-05   1.31850000000E-05
   1.30460000000E-05   1.29120000000E-05   1.27820000000E-05   1.26580000000E-05
   1.23713100000E-05   1.21040000000E-05   1.18667700000E-05   1.16440000000E-05
   1.14507000000E-05   1.12680000000E-05   1.11126600000E-05   1.09650000000E-05
   1.06210000000E-05   1.03065400000E-05   1.00196300000E-05   9.75644700000E-06
   9.51386200000E-06   9.28930000000E-06   0.00000000000E+00   0.00000000000E+00
   0.00000000000E+00   0.00000000000E+00   0.00000000000E+00   0.00000000000E+00
   0.00000000000E+00   0.00000000000E+00   0.00000000000E+00   0.00000000000E+00
   0.00000000000E+00   0.00000000000E+00   0.00000000000E+00   0.00000000000E+00
   0.00000000000E+00   0.00000000000E+00   0.00000000000E+00   0.00000000000E+00
   0.00000000000E+00   0.00000000000E+00   0.00000000000E+00   0.00000000000E+00
   0.00000000000E+00   0.00000000000E+00   0.00000000000E+00   0.00000000000E+00
   0.00000000000E+00   0.00000000000E+00   0.00000000000E+00   0.00000000000E+00
   0.00000000000E+00   0.00000000000E+00   0.00000000000E+00   0.00000000000E+00
   0.00000000000E+00   0.00000000000E+00   0.00000000000E+00   0.00000000000E+00
   0.00000000000E+00   0.00000000000E+00   0.00000000000E+00   0.00000000000E+00
   0.00000000000E+00   0.00000000000E+00   0.00000000000E+00   0.00000000000E+00
   0.00000000000E+00   0.00000000000E+00   0.00000000000E+00   0.00000000000E+00
   0.00000000000E+00   0.00000000000E+00   0.00000000000E+00   0.00000000000E+00
   0.00000000000E+00   0.00000000000E+00   0.00000000000E+00   0.00000000000E+00
   0.00000000000E+00   0.00000000000E+00   0.00000000000E+00   0.00000000000E+00
   0.00000000000E+00   0.00000000000E+00   0.00000000000E+00   0.00000000000E+00
   0.00000000000E+00   0.00000000000E+00   0.00000000000E+00   0.00000000000E+00
   0.00000000000E+00   0.00000000000E+00   0.00000000000E+00   0.00000000000E+00
   0.00000000000E+00   0.00000000000E+00   0.00000000000E+00   0.00000000000E+00
   0.00000000000E+00   0.00000000000E+00   0.00000000000E+00   0.00000000000E+00
   0.00000000000E+00   0.00000000000E+00   0.00000000000E+00   0.00000000000E+00
   0.00000000000E+00   0.00000000000E+00   0.00000000000E+00   0.00000000000E+00
   0.00000000000E+00   0.00000000000E+00   0.00000000000E+00   0.00000000000E+00
   0.00000000000E+00   0.00000000000E+00   0.00000000000E+00   0.00000000000E+00
   0.00000000000E+00   0.00000000000E+00   0.00000000000E+00   0.00000000000E+00
   0.00000000000E+00   0.00000000000E+00   0.00000000000E+00   0.00000000000E+00
   0.00000000000E+00   0.00000000000E+00   0.00000000000E+00   0.00000000000E+00
   0.00000000000E+00   0.00000000000E+00   0.00000000000E+00   0.00000000000E+00
   0.00000000000E+00   0.00000000000E+00   0.00000000000E+00   0.00000000000E+00
   0.00000000000E+00   0.00000000000E+00   0.00000000000E+00   0.00000000000E+00
   0.00000000000E+00   0.00000000000E+00   0.00000000000E+00   0.00000000000E+00
   0.00000000000E+00   0.00000000000E+00   0.00000000000E+00   0.00000000000E+00
   0.00000000000E+00   0.00000000000E+00   0.00000000000E+00   0.00000000000E+00
   0.00000000000E+00   0.00000000000E+00   0.00000000000E+00   0.00000000000E+00
   0.00000000000E+00   0.00000000000E+00   0.00000000000E+00   0.00000000000E+00
   0.00000000000E+00   0.00000000000E+00   0.00000000000E+00   0.00000000000E+00
   0.00000000000E+00   0.00000000000E+00   0.00000000000E+00   0.00000000000E+00
   0.00000000000E+00   0.00000000000E+00   0.00000000000E+00   0.00000000000E+00
   0.00000000000E+00   0.00000000000E+00   0.00000000000E+00   0.00000000000E+00
   0.00000000000E+00   0.00000000000E+00   0.00000000000E+00   0.00000000000E+00
   0.00000000000E+00   0.00000000000E+00   0.00000000000E+00   0.00000000000E+00
   0.00000000000E+00   0.00000000000E+00   0.00000000000E+00   0.00000000000E+00
   0.00000000000E+00   0.00000000000E+00   0.00000000000E+00   0.00000000000E+00
   0.00000000000E+00   0.00000000000E+00   0.00000000000E+00   0.00000000000E+00
   0.00000000000E+00   0.00000000000E+00   0.00000000000E+00   0.00000000000E+00
   0.00000000000E+00   0.00000000000E+00   0.00000000000E+00   0.00000000000E+00
   0.00000000000E+00   0.00000000000E+00   0.00000000000E+00   0.00000000000E+00
   0.00000000000E+00   0.00000000000E+00   0.00000000000E+00   0.00000000000E+00
   0.00000000000E+00   0.00000000000E+00   0.00000000000E+00   0.00000000000E+00
   0.00000000000E+00   0.00000000000E+00   0.00000000000E+00   0.00000000000E+00
   0.00000000000E+00   0.00000000000E+00   0.00000000000E+00   0.00000000000E+00
   0.00000000000E+00   0.00000000000E+00   0.00000000000E+00   0.00000000000E+00
   0.00000000000E+00   0.00000000000E+00   0.00000000000E+00   0.00000000000E+00
   0.00000000000E+00   0.00000000000E+00   0.00000000000E+00   0.00000000000E+00
   0.00000000000E+00   0.00000000000E+00   0.00000000000E+00   0.00000000000E+00
   0.00000000000E+00   0.00000000000E+00   0.00000000000E+00   0.00000000000E+00
   0.00000000000E+00   0.00000000000E+00   0.00000000000E+00   0.00000000000E+00
   0.00000000000E+00   1.01853400000E-10   1.04884600000E-10   1.07883600000E-10
   1.10851300000E-10   1.13788200000E-10   1.16868700000E-10   1.19916300000E-10
   1.22931700000E-10   1.25915700000E-10   1.28869100000E-10   1.31792500000E-10
   1.34686600000E-10   1.37552000000E-10   1.42492700000E-10   1.47351100000E-10
   1.52130100000E-10   1.56832700000E-10   1.61461600000E-10   1.66019500000E-10
   1.70508800000E-10   1.74931900000E-10   1.78568800000E-10   1.82162500000E-10
   1.85714400000E-10   1.89225300000E-10   1.92696400000E-10   1.96128900000E-10
   1.99523800000E-10   2.02882000000E-10   2.09492000000E-10   2.15966300000E-10
   2.22311400000E-10   2.28533600000E-10   2.33485600000E-10   2.38363700000E-10
   2.43170500000E-10   2.47908700000E-10   2.52580600000E-10   2.57188500000E-10
   2.61734700000E-10   2.66221200000E-10   2.70650100000E-10   2.75022900000E-10
   2.79342100000E-10   2.83608700000E-10   2.91991700000E-10   3.00184000000E-10
   3.08197100000E-10   3.16040500000E-10   3.23723900000E-10   3.31255600000E-10
   3.38643800000E-10   3.45895400000E-10   3.53017100000E-10   3.60015500000E-10
   3.66896000000E-10   3.73664000000E-10   3.80324400000E-10   3.86882100000E-10
   3.93341100000E-10   3.99705800000E-10   4.05979700000E-10   4.12166400000E-10
   4.18269400000E-10   4.24291800000E-10   4.30236500000E-10   4.36106600000E-10
   4.47631500000E-10   4.58887300000E-10   4.69890200000E-10   4.80656600000E-10
   4.91200400000E-10   5.01534200000E-10   5.11670200000E-10   5.21618500000E-10
   5.31389000000E-10   5.40991200000E-10   5.55095200000E-10   5.68863300000E-10
   5.82317700000E-10   5.95478400000E-10   6.08363800000E-10   6.20989700000E-10
   6.33371700000E-10   6.45522600000E-10   6.57454800000E-10   6.69180000000E-10
   6.80707500000E-10   6.92047800000E-10   7.03209100000E-10   7.14199800000E-10
   7.25027400000E-10   7.35698600000E-10   7.46219900000E-10   7.56598100000E-10
   7.66837800000E-10   7.76945200000E-10   7.86925000000E-10   7.96781400000E-10
   8.16143200000E-10   8.35062000000E-10   8.53567500000E-10   8.89437300000E-10
   9.18271000000E-10   9.46234900000E-10   9.73403300000E-10   9.99840200000E-10
   1.05073600000E-09   1.09929600000E-09   1.14581400000E-09   1.19052600000E-09
   1.23362500000E-09   1.27527200000E-09   1.31560300000E-09   1.35473600000E-09
   1.39277100000E-09   1.42979700000E-09   1.50112500000E-09   1.56923400000E-09
   1.63452400000E-09   1.69731500000E-09   1.75786300000E-09   1.81638800000E-09
   1.90079800000E-09   1.98163200000E-09   2.05933100000E-09   2.13423000000E-09
   2.20659300000E-09   2.27664500000E-09   2.34458300000E-09   2.41059400000E-09
   2.53745600000E-09   2.65829400000E-09   2.77393100000E-09   2.88499100000E-09
   2.97437900000E-09   3.06112800000E-09   3.14545600000E-09   3.22756500000E-09
   3.38580600000E-09   3.53700500000E-09   3.68211600000E-09   3.82189000000E-09
   3.95672700000E-09   4.08695900000E-09   4.21307200000E-09   4.33549900000E-09
   4.45457000000E-09   4.57054400000E-09   4.79410200000E-09   5.00771700000E-09
   5.21269000000E-09   5.41032700000E-09   5.60093400000E-09   5.78467000000E-09
   6.04975000000E-09   6.30395800000E-09   6.54840300000E-09   6.78463400000E-09
   7.01289800000E-09   7.23340200000E-09   7.44732900000E-09   7.65529300000E-09
   8.05517100000E-09   8.43616700000E-09   8.80073500000E-09   9.15145200000E-09
   9.43377700000E-09   9.70723300000E-09   9.97318500000E-09   1.02322400000E-08
   1.07316700000E-08   1.12089300000E-08   1.16667500000E-08   1.21085600000E-08
   1.25348900000E-08   1.29458700000E-08   1.33439600000E-08   1.37305000000E-08
   1.41064800000E-08   1.44727400000E-08   1.51788500000E-08   1.58536800000E-08
   1.65010500000E-08   1.71255300000E-08   1.77282300000E-08   1.83089200000E-08
   1.91456600000E-08   1.99479800000E-08   2.07193800000E-08   2.14646100000E-08
   2.21850400000E-08   2.28814600000E-08   2.35574800000E-08   2.42148100000E-08
   2.54791100000E-08   2.66842800000E-08   2.78380000000E-08   2.89472000000E-08
   2.98364700000E-08   3.06987900000E-08   3.15377700000E-08   3.23552400000E-08
   3.39319700000E-08   3.54397000000E-08   3.68870300000E-08   3.82824000000E-08
   3.96300400000E-08   4.09324300000E-08   4.21843500000E-08   4.34001700000E-08
   4.45834600000E-08   4.57368400000E-08   4.79626400000E-08   5.00927300000E-08
   5.21391700000E-08   5.41131300000E-08   5.60212000000E-08   5.78675600000E-08
   5.96365600000E-08   6.13559000000E-08   6.30306800000E-08   6.46644700000E-08
   6.78215900000E-08   7.08476600000E-08   7.37209500000E-08   7.64949300000E-08
   7.91802800000E-08   8.17835900000E-08   8.42819600000E-08   8.67145500000E-08
   8.90881000000E-08   9.14068600000E-08   9.36463200000E-08   9.58390500000E-08
   9.79894200000E-08   1.00099600000E-07   1.02146500000E-07   1.04158400000E-07
   1.06138100000E-07   1.08088800000E-07   1.11855800000E-07   1.15519200000E-07
   1.19046200000E-07   1.22491300000E-07   1.25819900000E-07   1.29087100000E-07
   1.32588900000E-07   1.35802400000E-07   1.38714500000E-07   1.41339000000E-07
   1.44488600000E-07   1.47420100000E-07   1.50114800000E-07   1.52585100000E-07
   1.58185800000E-07   1.63042700000E-07   1.68260100000E-07   1.72857100000E-07
   1.77759500000E-07   1.82133800000E-07   1.86772100000E-07   1.90952800000E-07
   1.95365200000E-07   1.99376500000E-07   2.03593500000E-07   2.07454500000E-07
   2.11500200000E-07   2.15227200000E-07   2.22732300000E-07   2.32396600000E-07
   2.40472400000E-07   2.49384800000E-07   2.57006400000E-07   2.65331300000E-07
   2.72575800000E-07   2.80425900000E-07   2.87353500000E-07   2.94812300000E-07
   3.01471500000E-07   3.08602200000E-07   3.15032000000E-07   3.21885700000E-07
   3.28118000000E-07   3.34735100000E-07   3.40797200000E-07   3.53125300000E-07
   3.65150300000E-07   3.76911400000E-07   3.88445100000E-07   3.99781400000E-07
   4.10948400000E-07   4.22483900000E-07   4.32859800000E-07   4.44095700000E-07
   4.54334800000E-07   4.65354100000E-07   4.75507200000E-07   4.86373900000E-07
   4.96482900000E-07   5.17353100000E-07   5.38192600000E-07   5.59067500000E-07
   5.80034400000E-07   6.01142900000E-07   6.22439800000E-07   6.44706600000E-07
   6.65738600000E-07   6.88445000000E-07   7.10190200000E-07   7.33470500000E-07
   7.56011800000E-07   7.79972300000E-07   8.03379000000E-07   8.52437300000E-07
   9.03308400000E-07   9.56095400000E-07   1.01088600000E-06   1.06775200000E-06
   1.12675900000E-06   1.18795900000E-06   1.25139700000E-06   1.31711200000E-06
   1.38513500000E-06   1.45549400000E-06   1.54720000000E-06   1.64173200000E-06
   1.74066600000E-06   1.84290500000E-06   1.94916800000E-06   2.05910900000E-06
   2.17273300000E-06   2.29033000000E-06   2.53647500000E-06   2.79738700000E-06
   3.07285300000E-06   3.36261900000E-06   3.66640100000E-06   3.98388200000E-06
   4.65861500000E-06   5.38404000000E-06   6.15727700000E-06   6.97545500000E-06
   7.83580600000E-06   8.73567700000E-06   9.67261700000E-06   1.06443500000E-05
   1.16488000000E-05   1.26840900000E-05   1.48407700000E-05   1.71033100000E-05
   1.94632200000E-05   2.19143000000E-05   2.44521000000E-05   2.70736400000E-05
   2.97770300000E-05   3.25611900000E-05   3.54257500000E-05   3.83707200000E-05
   4.13965200000E-05   4.45037700000E-05   4.76932500000E-05   5.09658300000E-05
   5.43225200000E-05   5.77643100000E-05   6.12921000000E-05   6.49069600000E-05
   6.86097500000E-05   7.24014300000E-05   7.62828800000E-05   8.02549100000E-05
   8.43183000000E-05   8.84737300000E-05   9.27218200000E-05   1.03751400000E-04
   1.15371500000E-04   1.27588200000E-04   1.40404900000E-04   1.53823100000E-04
   1.67843000000E-04   1.82462600000E-04   1.97678300000E-04   2.13485300000E-04
   2.29877000000E-04   2.46845900000E-04   2.64383100000E-04   2.82478800000E-04
   3.01121900000E-04   3.20301000000E-04   3.40003500000E-04   3.60216500000E-04
   3.80926300000E-04   4.02119200000E-04   4.23780900000E-04   4.45897000000E-04
   4.68453100000E-04   4.91434800000E-04   5.14828100000E-04   5.38618800000E-04
   5.62792800000E-04   5.31624100000E-04   5.80050800000E-04   6.28551500000E-04
   6.77510700000E-04   7.28779900000E-04   7.82276300000E-04   8.38181500000E-04
   8.95147100000E-04   9.54396800000E-04   1.01453300000E-03   1.07680500000E-03
   1.14027700000E-03   1.20529600000E-03   1.27195600000E-03   1.34014900000E-03
   1.41051000000E-03   1.48242600000E-03   1.55710700000E-03   1.63340700000E-03
   1.79282000000E-03   1.95977200000E-03   2.13308000000E-03   2.31099400000E-03
   2.49171300000E-03   2.67507100000E-03   2.86094900000E-03   3.05042200000E-03
   3.24461300000E-03   3.44517100000E-03   3.65203000000E-03   3.86501000000E-03
   4.08364400000E-03   4.30718700000E-03   4.53463300000E-03   4.76556800000E-03
   4.99949400000E-03   5.23612300000E-03   5.47505600000E-03   5.71565200000E-03
   5.95779000000E-03   6.20139900000E-03   6.44615700000E-03   6.69281700000E-03
   6.94139800000E-03   7.19262200000E-03   7.44746200000E-03   7.70715900000E-03
   7.97085100000E-03   8.23729400000E-03   8.50761100000E-03   9.17745400000E-03
   9.86517900000E-03   1.05818400000E-02   1.13167400000E-02   1.20029900000E-02
   1.27014700000E-02   1.34333500000E-02   1.41784800000E-02   1.54842300000E-02
   1.68103600000E-02   1.81398000000E-02   1.94893900000E-02   2.07893100000E-02
   2.21026000000E-02                 102                   1                   1
                  12                 102                   0                   2
   1.00000000000E-11   2.00000000000E+02   1.00000000000E+00   1.00000000000E+00
                   1                   2   1.00000000000E-11   2.00000000000E+02
                  -6                 -17                   2                   3
  -1.00000000000E+00   9.90000000000E-01   1.00000000000E+00   0.00000000000E+00
   0.00000000000E+00   2.00000000000E+02   0.00000000000E+00   0.00000000000E+00
   1.00000000000E+00                   2                   3  -1.00000000000E+00
   9.90000000000E-01   1.00000000000E+00   0.00000000000E+00   0.00000000000E+00
   2.00000000000E+02   0.00000000000E+00   0.00000000000E+00   1.00000000000E+00
                   1                   0                  33                  10
                   0                   2   1.00000000000E-11   2.00000000000E+02
   1.00000000000E+00   1.00000000000E+00  -4.45115000000E+00   4.99791700000E-01
                   1                 102
